id,text,categories,sentiment,timestamp
1,البطاقة مش شغالة,['CARD_ISSUE'],-0.32,2025-11-01 12:00
2,البطاقة ضاعت ومش عارف أعمل بدل فاقد,['CARD_ISSUE'],0.52,2025-11-01 12:05
3,الزيت ناقص في الجمعية,"['STORE_AVAILABILITY', 'STAFF_BEHAVIOR']",0.03,2025-11-01 12:10
4,التطبيق مش بيكمل العملية,['SYSTEM_DOWN'],-0.34,2025-11-01 12:15
5,الزيت ناقص في الجمعية,['STORE_AVAILABILITY'],0.45,2025-11-01 12:20
6,العيش ريحته مش حلوة,"['BREAD_QUALITY', 'CARD_ISSUE']",-0.92,2025-11-01 12:25
7,البطاقة ضاعت ومش عارف أعمل بدل فاقد,['CARD_ISSUE'],0.83,2025-11-01 12:30
8,البطاقة بتطلع خطأ في الماكينة,['CARD_ISSUE'],0.31,2025-11-01 12:35
9,الخدمة واقفة بقالها يومين,['SYSTEM_DOWN'],-0.26,2025-11-01 12:40
10,العيش صغير ومش مكفي,['BREAD_QUALITY'],-0.96,2025-11-01 12:45
11,الفرع مش بيجيب السلع في ميعادها,['STORE_AVAILABILITY'],0.51,2025-11-01 12:50
12,مش عارف أعمل تحديث للبطاقة,"['SYSTEM_DOWN', 'STAFF_BEHAVIOR']",-0.98,2025-11-01 12:55
13,الموظفة كانت بتتعامل بتعالي,['STAFF_BEHAVIOR'],0.17,2025-11-01 13:00
14,العيش مش طازج خالص,['BREAD_QUALITY'],0.17,2025-11-01 13:05
15,السيستم مش شغال من الصبح,"['SYSTEM_DOWN', 'BREAD_QUALITY']",-0.66,2025-11-01 13:10
16,العيش مش مستوي كويس,['BREAD_QUALITY'],0.24,2025-11-01 13:15
17,مفيش طماطم ولا بقوليات في التموين,['STORE_AVAILABILITY'],-0.56,2025-11-01 13:20
18,مفيش رز من امبارح,"['STORE_AVAILABILITY', 'SYSTEM_DOWN']",-0.69,2025-11-01 13:25
19,الفرع قافل بدري,['STORE_AVAILABILITY'],0.88,2025-11-01 13:30
20,البطاقة ضاعت ومش عارف أعمل بدل فاقد,['CARD_ISSUE'],-0.39,2025-11-01 13:35
21,الموظفة كانت بتتعامل بتعالي,"['STAFF_BEHAVIOR', 'SYSTEM_DOWN']",0.43,2025-11-01 13:40
22,البطاقة ضاعت ومش عارف أعمل بدل فاقد,['CARD_ISSUE'],0.75,2025-11-01 13:45
23,التطبيق مش بيكمل العملية,"['SYSTEM_DOWN', 'CARD_ISSUE']",-0.31,2025-11-01 13:50
24,البطاقة محتاجة تفعيل ومش عارف أعمله,"['CARD_ISSUE', 'STORE_AVAILABILITY']",0.55,2025-11-01 13:55
25,السيستم بيهنج كل شوية,['SYSTEM_DOWN'],0.23,2025-11-01 14:00
26,الناس هناك مش بتسمع الشكاوى,['STAFF_BEHAVIOR'],0.47,2025-11-01 14:05
27,الناس في المكتب مش محترمين,['STAFF_BEHAVIOR'],-0.57,2025-11-01 14:10
28,العيش ريحته مش حلوة,"['BREAD_QUALITY', 'SYSTEM_DOWN']",0.45,2025-11-01 14:15
29,البطاقة مش شغالة,['CARD_ISSUE'],0.69,2025-11-01 14:20
30,البطاقة مش شغالة,"['CARD_ISSUE', 'STORE_AVAILABILITY']",-0.63,2025-11-01 14:25
31,مش عارف أعمل تحديث للبطاقة,['SYSTEM_DOWN'],-0.27,2025-11-01 14:30
32,العيش صغير ومش مكفي,['BREAD_QUALITY'],-0.92,2025-11-01 14:35
33,السيستم مش شغال من الصبح,"['SYSTEM_DOWN', 'CARD_ISSUE']",0.94,2025-11-01 14:40
34,مش عارف أعمل تحديث للبطاقة,['SYSTEM_DOWN'],0.95,2025-11-01 14:45
35,الموقع مش بيقبل البيانات,['SYSTEM_DOWN'],0.3,2025-11-01 14:50
36,البطاقة مش بتقرأ على الماكينة,"['CARD_ISSUE', 'STORE_AVAILABILITY']",0.25,2025-11-01 14:55
37,في مشكلة في تحديث بيانات البطاقة,['CARD_ISSUE'],-0.79,2025-11-01 15:00
38,التموين ناقص منتجات كتير,['STORE_AVAILABILITY'],0.42,2025-11-01 15:05
39,الموقع بطئ جدًا,['SYSTEM_DOWN'],0.09,2025-11-01 15:10
40,مش قادر أغير الرقم السري للبطاقة,['CARD_ISSUE'],0.19,2025-11-01 15:15
41,الناس هناك مش بتسمع الشكاوى,['STAFF_BEHAVIOR'],-0.88,2025-11-01 15:20
42,الموظف بيتكلم بطريقة مش محترمة,"['STAFF_BEHAVIOR', 'BREAD_QUALITY']",-0.6,2025-11-01 15:25
43,العيش بيتكسر بسهولة,['BREAD_QUALITY'],0.76,2025-11-01 15:30
44,مفيش طماطم ولا بقوليات في التموين,['STORE_AVAILABILITY'],-0.21,2025-11-01 15:35
45,السيستم مش شغال من الصبح,['SYSTEM_DOWN'],-0.83,2025-11-01 15:40
46,البطاقة مش بتصرف,"['CARD_ISSUE', 'BREAD_QUALITY']",0.0,2025-11-01 15:45
47,في مشكلة في تحديث بيانات البطاقة,['CARD_ISSUE'],-0.26,2025-11-01 15:50
48,الموظف بيتعامل بطريقة وحشة,['STAFF_BEHAVIOR'],0.08,2025-11-01 15:55
49,مش عارف أعمل تحديث للبطاقة,"['SYSTEM_DOWN', 'CARD_ISSUE']",0.19,2025-11-01 16:00
50,السيستم مش شغال من الصبح,['SYSTEM_DOWN'],0.02,2025-11-01 16:05
51,الموظف رفض يساعدني,"['STAFF_BEHAVIOR', 'STORE_AVAILABILITY']",0.81,2025-11-01 16:10
52,التموين ناقص منتجات كتير,['STORE_AVAILABILITY'],-0.82,2025-11-01 16:15
53,العيش فيه طعم غريب,['BREAD_QUALITY'],0.45,2025-11-01 16:20
54,العيش مش طازج خالص,['BREAD_QUALITY'],0.1,2025-11-01 16:25
55,الموقع مش بيقبل البيانات,['SYSTEM_DOWN'],0.14,2025-11-01 16:30
56,البطاقة محتاجة تفعيل ومش عارف أعمله,"['CARD_ISSUE', 'STAFF_BEHAVIOR']",0.74,2025-11-01 16:35
57,مفيش دقيق في الجمعية,"['STORE_AVAILABILITY', 'STAFF_BEHAVIOR']",-0.38,2025-11-01 16:40
58,البطاقة بتطلع خطأ في الماكينة,['CARD_ISSUE'],-1.0,2025-11-01 16:45
59,في مشكلة في تحديث بيانات البطاقة,"['CARD_ISSUE', 'BREAD_QUALITY']",0.67,2025-11-01 16:50
60,مفيش منتجات في المخزن,['STORE_AVAILABILITY'],-0.35,2025-11-01 16:55
61,العيش مش طازج خالص,"['BREAD_QUALITY', 'SYSTEM_DOWN']",0.48,2025-11-01 17:00
62,التطبيق مش بيكمل العملية,['SYSTEM_DOWN'],0.3,2025-11-01 17:05
63,مفيش سكر في الجمعية,['STORE_AVAILABILITY'],0.84,2025-11-01 17:10
64,الزيت ناقص في الجمعية,['STORE_AVAILABILITY'],0.9,2025-11-01 17:15
65,الخدمة واقفة بقالها يومين,['SYSTEM_DOWN'],-0.3,2025-11-01 17:20
66,العيش مش متوفر كويس,['BREAD_QUALITY'],-0.93,2025-11-01 17:25
67,السيستم بيهنج كل شوية,['SYSTEM_DOWN'],0.76,2025-11-01 17:30
68,التطبيق مش بيكمل العملية,['SYSTEM_DOWN'],0.47,2025-11-01 17:35
69,مفيش منتجات في المخزن,"['STORE_AVAILABILITY', 'STAFF_BEHAVIOR']",-0.57,2025-11-01 17:40
70,العيش ناشف جدًا,['BREAD_QUALITY'],-0.34,2025-11-01 17:45
71,الموظف رفض يساعدني,['STAFF_BEHAVIOR'],-0.74,2025-11-01 17:50
72,الناس هناك مش بتسمع الشكاوى,['STAFF_BEHAVIOR'],0.68,2025-11-01 17:55
73,الموظف بيتعامل بطريقة وحشة,"['STAFF_BEHAVIOR', 'SYSTEM_DOWN']",-1.0,2025-11-01 18:00
74,العيش مش طازج خالص,['BREAD_QUALITY'],0.29,2025-11-01 18:05
75,التموين ناقص منتجات كتير,['STORE_AVAILABILITY'],-0.96,2025-11-01 18:10
76,الموقع بطئ جدًا,"['SYSTEM_DOWN', 'BREAD_QUALITY']",0.72,2025-11-01 18:15
77,في موظف اتكلم بأسلوب مش كويس,['STAFF_BEHAVIOR'],-0.09,2025-11-01 18:20
78,في مشكلة في تحديث بيانات البطاقة,"['CARD_ISSUE', 'STORE_AVAILABILITY']",0.34,2025-11-01 18:25
79,العيش غالي ومش بنفس الجودة,['BREAD_QUALITY'],0.15,2025-11-01 18:30
80,البطاقة مش شغالة,"['CARD_ISSUE', 'STAFF_BEHAVIOR']",0.35,2025-11-01 18:35
81,السيستم بيهنج كل شوية,['SYSTEM_DOWN'],0.84,2025-11-01 18:40
82,مفيش طماطم ولا بقوليات في التموين,['STORE_AVAILABILITY'],0.24,2025-11-01 18:45
83,الموظفة كانت بتتعامل بتعالي,"['STAFF_BEHAVIOR', 'STORE_AVAILABILITY']",0.81,2025-11-01 18:50
84,الزيت ناقص في الجمعية,['STORE_AVAILABILITY'],-0.94,2025-11-01 18:55
85,السيستم بيهنج كل شوية,"['SYSTEM_DOWN', 'STORE_AVAILABILITY']",-0.95,2025-11-01 19:00
86,مش قادر أغير الرقم السري للبطاقة,['CARD_ISSUE'],0.66,2025-11-01 19:05
87,العيش ناشف جدًا,"['BREAD_QUALITY', 'SYSTEM_DOWN']",-0.43,2025-11-01 19:10
88,البطاقة محتاجة تفعيل ومش عارف أعمله,['CARD_ISSUE'],0.25,2025-11-01 19:15
89,البطاقة مش بتصرف,['CARD_ISSUE'],0.48,2025-11-01 19:20
90,التموين ناقص منتجات كتير,"['STORE_AVAILABILITY', 'STAFF_BEHAVIOR']",-0.36,2025-11-01 19:25
91,التطبيق مش بيكمل العملية,"['SYSTEM_DOWN', 'STAFF_BEHAVIOR']",-0.52,2025-11-01 19:30
92,البطاقة محتاجة تفعيل ومش عارف أعمله,['CARD_ISSUE'],0.91,2025-11-01 19:35
93,الزيت ناقص في الجمعية,"['STORE_AVAILABILITY', 'CARD_ISSUE']",-0.39,2025-11-01 19:40
94,العيش مش متوفر كويس,"['BREAD_QUALITY', 'SYSTEM_DOWN']",0.15,2025-11-01 19:45
95,مفيش سكر في الجمعية,['STORE_AVAILABILITY'],0.13,2025-11-01 19:50
96,الناس في المكتب مش محترمين,['STAFF_BEHAVIOR'],-0.8,2025-11-01 19:55
97,العيش غالي ومش بنفس الجودة,['BREAD_QUALITY'],0.43,2025-11-01 20:00
98,السيستم بيقفل لوحده,['SYSTEM_DOWN'],0.02,2025-11-01 20:05
99,الموظفين مش متعاونين,"['STAFF_BEHAVIOR', 'STORE_AVAILABILITY']",-0.97,2025-11-01 20:10
100,الخدمة واقفة بقالها يومين,"['SYSTEM_DOWN', 'STAFF_BEHAVIOR']",-0.79,2025-11-01 20:15
101,الناس هناك مش بتسمع الشكاوى,['STAFF_BEHAVIOR'],0.07,2025-11-01 20:20
102,الموظفين مش متعاونين,"['STAFF_BEHAVIOR', 'SYSTEM_DOWN']",0.22,2025-11-01 20:25
103,الموقع مش بيفتح,"['SYSTEM_DOWN', 'STORE_AVAILABILITY']",0.62,2025-11-01 20:30
104,مش قادر أغير الرقم السري للبطاقة,"['CARD_ISSUE', 'SYSTEM_DOWN']",0.9,2025-11-01 20:35
105,البطاقة بتطلع خطأ في الماكينة,['CARD_ISSUE'],-0.87,2025-11-01 20:40
106,الموظفة كانت بتتعامل بتعالي,"['STAFF_BEHAVIOR', 'STORE_AVAILABILITY']",0.58,2025-11-01 20:45
107,البطاقة محتاجة تفعيل ومش عارف أعمله,"['CARD_ISSUE', 'SYSTEM_DOWN']",0.18,2025-11-01 20:50
108,البطاقة مش شغالة,"['CARD_ISSUE', 'STAFF_BEHAVIOR']",-0.34,2025-11-01 20:55
109,العيش غالي ومش بنفس الجودة,['BREAD_QUALITY'],-0.24,2025-11-01 21:00
110,في مشكلة في تحديث بيانات البطاقة,['CARD_ISSUE'],-0.21,2025-11-01 21:05
111,السيستم مش شغال من الصبح,['SYSTEM_DOWN'],-0.44,2025-11-01 21:10
112,السيستم بيقفل لوحده,"['SYSTEM_DOWN', 'STORE_AVAILABILITY']",0.52,2025-11-01 21:15
113,الموقع مش بيقبل البيانات,['SYSTEM_DOWN'],-0.55,2025-11-01 21:20
114,السيستم بيقفل لوحده,['SYSTEM_DOWN'],-0.19,2025-11-01 21:25
115,الموقع مش بيقبل البيانات,['SYSTEM_DOWN'],-0.41,2025-11-01 21:30
116,العيش فيه طعم غريب,['BREAD_QUALITY'],0.99,2025-11-01 21:35
117,مش قادر أغير الرقم السري للبطاقة,['CARD_ISSUE'],0.46,2025-11-01 21:40
118,في موظف اتكلم بأسلوب مش كويس,['STAFF_BEHAVIOR'],0.44,2025-11-01 21:45
119,الموظفين مش متعاونين,['STAFF_BEHAVIOR'],-0.74,2025-11-01 21:50
120,الموظفة كانت بتتعامل بتعالي,['STAFF_BEHAVIOR'],0.56,2025-11-01 21:55
121,الفرع قافل بدري,['STORE_AVAILABILITY'],-0.87,2025-11-01 22:00
122,مش عارف أعمل تحديث للبطاقة,['SYSTEM_DOWN'],-0.2,2025-11-01 22:05
123,مش قادر أغير الرقم السري للبطاقة,"['CARD_ISSUE', 'STORE_AVAILABILITY']",0.55,2025-11-01 22:10
124,السيستم بيقفل لوحده,"['SYSTEM_DOWN', 'CARD_ISSUE']",-0.18,2025-11-01 22:15
125,العيش صغير ومش مكفي,"['BREAD_QUALITY', 'STORE_AVAILABILITY']",0.48,2025-11-01 22:20
126,الاستقبال كان سيئ جدًا,"['STAFF_BEHAVIOR', 'STORE_AVAILABILITY']",-0.94,2025-11-01 22:25
127,في مشكلة في تحديث بيانات البطاقة,"['CARD_ISSUE', 'SYSTEM_DOWN']",-0.0,2025-11-01 22:30
128,البطاقة ضاعت ومش عارف أعمل بدل فاقد,['CARD_ISSUE'],0.78,2025-11-01 22:35
129,الموظفة كانت بتتعامل بتعالي,['STAFF_BEHAVIOR'],-0.09,2025-11-01 22:40
130,السيستم بيهنج كل شوية,"['SYSTEM_DOWN', 'BREAD_QUALITY']",-0.6,2025-11-01 22:45
131,مفيش دقيق في الجمعية,['STORE_AVAILABILITY'],-0.78,2025-11-01 22:50
132,في مشكلة في تحديث بيانات البطاقة,['CARD_ISSUE'],0.29,2025-11-01 22:55
133,مش قادر أغير الرقم السري للبطاقة,['CARD_ISSUE'],-0.9,2025-11-01 23:00
134,العيش فيه طعم غريب,['BREAD_QUALITY'],-0.11,2025-11-01 23:05
135,البطاقة مش شغالة,"['CARD_ISSUE', 'STORE_AVAILABILITY']",0.9,2025-11-01 23:10
136,الخدمة واقفة بقالها يومين,"['SYSTEM_DOWN', 'STAFF_BEHAVIOR']",0.42,2025-11-01 23:15
137,في مشكلة في تحديث بيانات البطاقة,['CARD_ISSUE'],-0.79,2025-11-01 23:20
138,الموقع بطئ جدًا,['SYSTEM_DOWN'],-0.96,2025-11-01 23:25
139,السيستم بيقفل لوحده,['SYSTEM_DOWN'],0.13,2025-11-01 23:30
140,مش عارف أعمل تحديث للبطاقة,['SYSTEM_DOWN'],0.67,2025-11-01 23:35
141,الخدمة واقفة بقالها يومين,['SYSTEM_DOWN'],-0.05,2025-11-01 23:40
142,البطاقة بتطلع خطأ في الماكينة,['CARD_ISSUE'],0.47,2025-11-01 23:45
143,الناس في المكتب مش محترمين,['STAFF_BEHAVIOR'],0.02,2025-11-01 23:50
144,الخدمة واقفة بقالها يومين,['SYSTEM_DOWN'],0.01,2025-11-01 23:55
145,الفرع قافل بدري,['STORE_AVAILABILITY'],0.0,2025-11-02 00:00
146,الموقع بطئ جدًا,['SYSTEM_DOWN'],0.37,2025-11-02 00:05
147,الموظفة كانت بتتعامل بتعالي,"['STAFF_BEHAVIOR', 'CARD_ISSUE']",0.57,2025-11-02 00:10
148,التطبيق مش بيكمل العملية,['SYSTEM_DOWN'],0.52,2025-11-02 00:15
149,البطاقة ضاعت ومش عارف أعمل بدل فاقد,"['CARD_ISSUE', 'STORE_AVAILABILITY']",-0.02,2025-11-02 00:20
150,السيستم بيقفل لوحده,"['SYSTEM_DOWN', 'BREAD_QUALITY']",-0.16,2025-11-02 00:25
151,العيش ناشف جدًا,['BREAD_QUALITY'],0.79,2025-11-02 00:30
152,السيستم بيقفل لوحده,['SYSTEM_DOWN'],-0.78,2025-11-02 00:35
153,مش عارف أعمل تحديث للبطاقة,['SYSTEM_DOWN'],-0.05,2025-11-02 00:40
154,العيش غالي ومش بنفس الجودة,['BREAD_QUALITY'],-0.2,2025-11-02 00:45
155,الموظف رفض يساعدني,"['STAFF_BEHAVIOR', 'SYSTEM_DOWN']",-0.87,2025-11-02 00:50
156,العيش مش متوفر كويس,"['BREAD_QUALITY', 'SYSTEM_DOWN']",0.77,2025-11-02 00:55
157,الموقع مش بيفتح,['SYSTEM_DOWN'],0.35,2025-11-02 01:00
158,العيش ريحته مش حلوة,['BREAD_QUALITY'],-0.2,2025-11-02 01:05
159,الفرع قافل بدري,"['STORE_AVAILABILITY', 'STAFF_BEHAVIOR']",-0.78,2025-11-02 01:10
160,في مشكلة في تحديث بيانات البطاقة,['CARD_ISSUE'],0.1,2025-11-02 01:15
161,الناس هناك مش بتسمع الشكاوى,['STAFF_BEHAVIOR'],-0.85,2025-11-02 01:20
162,الموقع بطئ جدًا,"['SYSTEM_DOWN', 'CARD_ISSUE']",0.8,2025-11-02 01:25
163,العيش ريحته مش حلوة,['BREAD_QUALITY'],0.87,2025-11-02 01:30
164,مفيش رز من امبارح,['STORE_AVAILABILITY'],-0.25,2025-11-02 01:35
165,مش قادر أغير الرقم السري للبطاقة,['CARD_ISSUE'],0.22,2025-11-02 01:40
166,الموظف قال البطاقة موقوفة بدون سبب,"['CARD_ISSUE', 'STORE_AVAILABILITY']",-0.42,2025-11-02 01:45
167,مش عارف أعمل تحديث للبطاقة,['SYSTEM_DOWN'],0.62,2025-11-02 01:50
168,الموظفين مش متعاونين,['STAFF_BEHAVIOR'],0.4,2025-11-02 01:55
169,مش قادر أغير الرقم السري للبطاقة,['CARD_ISSUE'],-0.88,2025-11-02 02:00
170,الموظف رفض يساعدني,['STAFF_BEHAVIOR'],0.57,2025-11-02 02:05
171,العيش فيه طعم غريب,"['BREAD_QUALITY', 'STAFF_BEHAVIOR']",0.7,2025-11-02 02:10
172,العيش ناشف جدًا,['BREAD_QUALITY'],0.96,2025-11-02 02:15
173,الفرع مش بيجيب السلع في ميعادها,['STORE_AVAILABILITY'],-0.16,2025-11-02 02:20
174,العيش ريحته مش حلوة,"['BREAD_QUALITY', 'STAFF_BEHAVIOR']",-0.72,2025-11-02 02:25
175,البطاقة مش بتقرأ على الماكينة,"['CARD_ISSUE', 'SYSTEM_DOWN']",-0.48,2025-11-02 02:30
176,مفيش دقيق في الجمعية,"['STORE_AVAILABILITY', 'STAFF_BEHAVIOR']",-0.03,2025-11-02 02:35
177,الناس في المكتب مش محترمين,"['STAFF_BEHAVIOR', 'SYSTEM_DOWN']",-0.52,2025-11-02 02:40
178,مفيش رز من امبارح,"['STORE_AVAILABILITY', 'BREAD_QUALITY']",0.92,2025-11-02 02:45
179,في مشكلة في تحديث بيانات البطاقة,['CARD_ISSUE'],-0.72,2025-11-02 02:50
180,مفيش طماطم ولا بقوليات في التموين,['STORE_AVAILABILITY'],-0.55,2025-11-02 02:55
181,الموظفة كانت بتتعامل بتعالي,['STAFF_BEHAVIOR'],-0.97,2025-11-02 03:00
182,الموظفين مش متعاونين,['STAFF_BEHAVIOR'],0.82,2025-11-02 03:05
183,العيش ناشف جدًا,"['BREAD_QUALITY', 'SYSTEM_DOWN']",0.97,2025-11-02 03:10
184,الموظف قال البطاقة موقوفة بدون سبب,['CARD_ISSUE'],-0.35,2025-11-02 03:15
185,البطاقة محتاجة تفعيل ومش عارف أعمله,"['CARD_ISSUE', 'SYSTEM_DOWN']",-0.91,2025-11-02 03:20
186,العيش ريحته مش حلوة,"['BREAD_QUALITY', 'SYSTEM_DOWN']",0.6,2025-11-02 03:25
187,السيستم مش شغال من الصبح,['SYSTEM_DOWN'],-0.64,2025-11-02 03:30
188,البطاقة بتطلع خطأ في الماكينة,"['CARD_ISSUE', 'BREAD_QUALITY']",-0.3,2025-11-02 03:35
189,البطاقة محتاجة تفعيل ومش عارف أعمله,['CARD_ISSUE'],-0.8,2025-11-02 03:40
190,مفيش منتجات في المخزن,['STORE_AVAILABILITY'],0.83,2025-11-02 03:45
191,في موظف اتكلم بأسلوب مش كويس,['STAFF_BEHAVIOR'],-0.21,2025-11-02 03:50
192,مفيش منتجات في المخزن,['STORE_AVAILABILITY'],-0.29,2025-11-02 03:55
193,الناس هناك مش بتسمع الشكاوى,['STAFF_BEHAVIOR'],0.11,2025-11-02 04:00
194,العيش ناشف جدًا,['BREAD_QUALITY'],-0.65,2025-11-02 04:05
195,الموقع مش بيفتح,['SYSTEM_DOWN'],-0.29,2025-11-02 04:10
196,العيش بيتكسر بسهولة,['BREAD_QUALITY'],0.04,2025-11-02 04:15
197,الناس هناك مش بتسمع الشكاوى,['STAFF_BEHAVIOR'],0.22,2025-11-02 04:20
198,في موظف اتكلم بأسلوب مش كويس,['STAFF_BEHAVIOR'],0.79,2025-11-02 04:25
199,الموقع مش بيقبل البيانات,"['SYSTEM_DOWN', 'STORE_AVAILABILITY']",-0.86,2025-11-02 04:30
200,العيش مش متوفر كويس,"['BREAD_QUALITY', 'STORE_AVAILABILITY']",-0.99,2025-11-02 04:35
201,في موظف اتكلم بأسلوب مش كويس,['STAFF_BEHAVIOR'],-0.08,2025-11-02 04:40
202,مفيش طماطم ولا بقوليات في التموين,['STORE_AVAILABILITY'],0.55,2025-11-02 04:45
203,الفرع قافل بدري,['STORE_AVAILABILITY'],-0.79,2025-11-02 04:50
204,الموظف رفض يساعدني,['STAFF_BEHAVIOR'],-0.34,2025-11-02 04:55
205,البطاقة مش بتقرأ على الماكينة,['CARD_ISSUE'],0.84,2025-11-02 05:00
206,البطاقة محتاجة تفعيل ومش عارف أعمله,['CARD_ISSUE'],-0.43,2025-11-02 05:05
207,الزيت ناقص في الجمعية,['STORE_AVAILABILITY'],-0.43,2025-11-02 05:10
208,مفيش منتجات في المخزن,['STORE_AVAILABILITY'],0.82,2025-11-02 05:15
209,العيش ناشف جدًا,['BREAD_QUALITY'],-0.33,2025-11-02 05:20
210,العيش ناشف جدًا,"['BREAD_QUALITY', 'STORE_AVAILABILITY']",-0.95,2025-11-02 05:25
211,البطاقة مش شغالة,['CARD_ISSUE'],-0.49,2025-11-02 05:30
212,السيستم مش شغال من الصبح,['SYSTEM_DOWN'],-0.91,2025-11-02 05:35
213,الموظف بيتكلم بطريقة مش محترمة,['STAFF_BEHAVIOR'],-0.68,2025-11-02 05:40
214,السيستم بيقفل لوحده,['SYSTEM_DOWN'],-0.28,2025-11-02 05:45
215,البطاقة مش شغالة,['CARD_ISSUE'],-0.67,2025-11-02 05:50
216,السيستم بيقفل لوحده,"['SYSTEM_DOWN', 'STAFF_BEHAVIOR']",-0.81,2025-11-02 05:55
217,العيش مش طازج خالص,['BREAD_QUALITY'],0.99,2025-11-02 06:00
218,السيستم بيقفل لوحده,['SYSTEM_DOWN'],-0.76,2025-11-02 06:05
219,العيش بيتكسر بسهولة,['BREAD_QUALITY'],0.29,2025-11-02 06:10
220,الموقع بطئ جدًا,['SYSTEM_DOWN'],-0.99,2025-11-02 06:15
221,مفيش طماطم ولا بقوليات في التموين,['STORE_AVAILABILITY'],0.19,2025-11-02 06:20
222,الخدمة واقفة بقالها يومين,['SYSTEM_DOWN'],-0.73,2025-11-02 06:25
223,البطاقة مش بتقرأ على الماكينة,['CARD_ISSUE'],0.53,2025-11-02 06:30
224,التموين ناقص منتجات كتير,['STORE_AVAILABILITY'],-0.54,2025-11-02 06:35
225,الموظفين مش متعاونين,['STAFF_BEHAVIOR'],0.24,2025-11-02 06:40
226,البطاقة بتطلع خطأ في الماكينة,['CARD_ISSUE'],0.22,2025-11-02 06:45
227,السيستم بيهنج كل شوية,['SYSTEM_DOWN'],-0.22,2025-11-02 06:50
228,الخدمة واقفة بقالها يومين,['SYSTEM_DOWN'],-0.12,2025-11-02 06:55
229,الموظف رفض يساعدني,['STAFF_BEHAVIOR'],0.61,2025-11-02 07:00
230,الموظفين مش متعاونين,['STAFF_BEHAVIOR'],-0.83,2025-11-02 07:05
231,البطاقة مش بتقرأ على الماكينة,['CARD_ISSUE'],0.63,2025-11-02 07:10
232,الناس في المكتب مش محترمين,['STAFF_BEHAVIOR'],-0.36,2025-11-02 07:15
233,الخدمة واقفة بقالها يومين,"['SYSTEM_DOWN', 'STAFF_BEHAVIOR']",-0.0,2025-11-02 07:20
234,مفيش منتجات في المخزن,['STORE_AVAILABILITY'],-0.59,2025-11-02 07:25
235,البطاقة مش بتقرأ على الماكينة,['CARD_ISSUE'],0.19,2025-11-02 07:30
236,الموظف رفض يساعدني,['STAFF_BEHAVIOR'],0.55,2025-11-02 07:35
237,مفيش منتجات في المخزن,['STORE_AVAILABILITY'],-0.68,2025-11-02 07:40
238,البطاقة محتاجة تفعيل ومش عارف أعمله,"['CARD_ISSUE', 'STORE_AVAILABILITY']",-0.26,2025-11-02 07:45
239,البطاقة محتاجة تفعيل ومش عارف أعمله,"['CARD_ISSUE', 'STAFF_BEHAVIOR']",-0.7,2025-11-02 07:50
240,الزيت ناقص في الجمعية,['STORE_AVAILABILITY'],0.5,2025-11-02 07:55
241,الموقع بطئ جدًا,['SYSTEM_DOWN'],-0.02,2025-11-02 08:00
242,العيش فيه طعم غريب,['BREAD_QUALITY'],-0.56,2025-11-02 08:05
243,الموظفة كانت بتتعامل بتعالي,['STAFF_BEHAVIOR'],-1.0,2025-11-02 08:10
244,البطاقة ضاعت ومش عارف أعمل بدل فاقد,['CARD_ISSUE'],-0.49,2025-11-02 08:15
245,الموظف رفض يساعدني,['STAFF_BEHAVIOR'],-0.62,2025-11-02 08:20
246,البطاقة محتاجة تفعيل ومش عارف أعمله,['CARD_ISSUE'],0.07,2025-11-02 08:25
247,العيش ريحته مش حلوة,['BREAD_QUALITY'],-0.21,2025-11-02 08:30
248,مفيش رز من امبارح,['STORE_AVAILABILITY'],0.0,2025-11-02 08:35
249,السيستم بيهنج كل شوية,"['SYSTEM_DOWN', 'BREAD_QUALITY']",-0.47,2025-11-02 08:40
250,العيش ريحته مش حلوة,"['BREAD_QUALITY', 'CARD_ISSUE']",0.98,2025-11-02 08:45
251,العيش ناشف جدًا,['BREAD_QUALITY'],0.9,2025-11-02 08:50
252,العيش فيه طعم غريب,['BREAD_QUALITY'],-0.6,2025-11-02 08:55
253,العيش غالي ومش بنفس الجودة,['BREAD_QUALITY'],0.72,2025-11-02 09:00
254,البطاقة مش بتصرف,['CARD_ISSUE'],-0.91,2025-11-02 09:05
255,الموقع مش بيفتح,['SYSTEM_DOWN'],0.1,2025-11-02 09:10
256,العيش غالي ومش بنفس الجودة,"['BREAD_QUALITY', 'STAFF_BEHAVIOR']",-0.53,2025-11-02 09:15
257,العيش مش طازج خالص,['BREAD_QUALITY'],0.85,2025-11-02 09:20
258,الموظفين مش متعاونين,['STAFF_BEHAVIOR'],-0.91,2025-11-02 09:25
259,مفيش طماطم ولا بقوليات في التموين,['STORE_AVAILABILITY'],0.79,2025-11-02 09:30
260,مفيش منتجات في المخزن,['STORE_AVAILABILITY'],0.58,2025-11-02 09:35
261,مفيش رز من امبارح,['STORE_AVAILABILITY'],-0.53,2025-11-02 09:40
262,العيش صغير ومش مكفي,"['BREAD_QUALITY', 'CARD_ISSUE']",-0.49,2025-11-02 09:45
263,العيش ناشف جدًا,"['BREAD_QUALITY', 'STAFF_BEHAVIOR']",-0.46,2025-11-02 09:50
264,الموقع بطئ جدًا,['SYSTEM_DOWN'],0.24,2025-11-02 09:55
265,مش قادر أغير الرقم السري للبطاقة,"['CARD_ISSUE', 'STAFF_BEHAVIOR']",-0.94,2025-11-02 10:00
266,في موظف اتكلم بأسلوب مش كويس,['STAFF_BEHAVIOR'],0.34,2025-11-02 10:05
267,الزيت ناقص في الجمعية,['STORE_AVAILABILITY'],-0.25,2025-11-02 10:10
268,مفيش طماطم ولا بقوليات في التموين,['STORE_AVAILABILITY'],0.88,2025-11-02 10:15
269,البطاقة مش شغالة,['CARD_ISSUE'],-0.89,2025-11-02 10:20
270,في موظف اتكلم بأسلوب مش كويس,['STAFF_BEHAVIOR'],0.1,2025-11-02 10:25
271,السيستم مش شغال من الصبح,"['SYSTEM_DOWN', 'STORE_AVAILABILITY']",-0.8,2025-11-02 10:30
272,مفيش طماطم ولا بقوليات في التموين,"['STORE_AVAILABILITY', 'STAFF_BEHAVIOR']",-0.06,2025-11-02 10:35
273,الموظف بيتعامل بطريقة وحشة,"['STAFF_BEHAVIOR', 'STORE_AVAILABILITY']",-0.66,2025-11-02 10:40
274,العيش مش مستوي كويس,"['BREAD_QUALITY', 'SYSTEM_DOWN']",-0.23,2025-11-02 10:45
275,العيش ناشف جدًا,['BREAD_QUALITY'],0.52,2025-11-02 10:50
276,الناس في المكتب مش محترمين,['STAFF_BEHAVIOR'],-0.23,2025-11-02 10:55
277,الموظف بيتعامل بطريقة وحشة,"['STAFF_BEHAVIOR', 'CARD_ISSUE']",-0.18,2025-11-02 11:00
278,الفرع مش بيجيب السلع في ميعادها,"['STORE_AVAILABILITY', 'CARD_ISSUE']",0.9,2025-11-02 11:05
279,السيستم بيقفل لوحده,['SYSTEM_DOWN'],-0.59,2025-11-02 11:10
280,مش قادر أغير الرقم السري للبطاقة,['CARD_ISSUE'],-0.97,2025-11-02 11:15
281,التطبيق مش بيكمل العملية,['SYSTEM_DOWN'],0.86,2025-11-02 11:20
282,البطاقة ضاعت ومش عارف أعمل بدل فاقد,['CARD_ISSUE'],0.28,2025-11-02 11:25
283,التموين ناقص منتجات كتير,['STORE_AVAILABILITY'],0.06,2025-11-02 11:30
284,الموظف بيتعامل بطريقة وحشة,['STAFF_BEHAVIOR'],-0.85,2025-11-02 11:35
285,الفرع قافل بدري,['STORE_AVAILABILITY'],-0.69,2025-11-02 11:40
286,البطاقة مش شغالة,['CARD_ISSUE'],-0.33,2025-11-02 11:45
287,العيش بيتكسر بسهولة,"['BREAD_QUALITY', 'STAFF_BEHAVIOR']",-0.25,2025-11-02 11:50
288,العيش غالي ومش بنفس الجودة,"['BREAD_QUALITY', 'CARD_ISSUE']",0.72,2025-11-02 11:55
289,التطبيق مش بيكمل العملية,['SYSTEM_DOWN'],-0.5,2025-11-02 12:00
290,الاستقبال كان سيئ جدًا,['STAFF_BEHAVIOR'],0.01,2025-11-02 12:05
291,الموظف رفض يساعدني,"['STAFF_BEHAVIOR', 'SYSTEM_DOWN']",-0.11,2025-11-02 12:10
292,الفرع مش بيجيب السلع في ميعادها,"['STORE_AVAILABILITY', 'BREAD_QUALITY']",0.64,2025-11-02 12:15
293,مش قادر أغير الرقم السري للبطاقة,['CARD_ISSUE'],-0.28,2025-11-02 12:20
294,مفيش رز من امبارح,['STORE_AVAILABILITY'],0.07,2025-11-02 12:25
295,الموظف بيتكلم بطريقة مش محترمة,['STAFF_BEHAVIOR'],0.98,2025-11-02 12:30
296,مفيش رز من امبارح,['STORE_AVAILABILITY'],-0.86,2025-11-02 12:35
297,العيش ريحته مش حلوة,['BREAD_QUALITY'],0.82,2025-11-02 12:40
298,في موظف اتكلم بأسلوب مش كويس,"['STAFF_BEHAVIOR', 'SYSTEM_DOWN']",-0.03,2025-11-02 12:45
299,الموظف رفض يساعدني,"['STAFF_BEHAVIOR', 'SYSTEM_DOWN']",-0.47,2025-11-02 12:50
300,العيش غالي ومش بنفس الجودة,['BREAD_QUALITY'],0.91,2025-11-02 12:55
301,السيستم مش شغال من الصبح,['SYSTEM_DOWN'],-0.43,2025-11-02 13:00
302,الزيت ناقص في الجمعية,['STORE_AVAILABILITY'],-0.67,2025-11-02 13:05
303,التطبيق مش بيكمل العملية,['SYSTEM_DOWN'],0.52,2025-11-02 13:10
304,مش عارف أعمل تحديث للبطاقة,['SYSTEM_DOWN'],-0.74,2025-11-02 13:15
305,العيش صغير ومش مكفي,"['BREAD_QUALITY', 'SYSTEM_DOWN']",-0.41,2025-11-02 13:20
306,الموظفة كانت بتتعامل بتعالي,['STAFF_BEHAVIOR'],-0.4,2025-11-02 13:25
307,الفرع قافل بدري,['STORE_AVAILABILITY'],0.47,2025-11-02 13:30
308,مش عارف أعمل تحديث للبطاقة,['SYSTEM_DOWN'],0.1,2025-11-02 13:35
309,العيش مش مستوي كويس,['BREAD_QUALITY'],-0.3,2025-11-02 13:40
310,مفيش رز من امبارح,"['STORE_AVAILABILITY', 'BREAD_QUALITY']",0.66,2025-11-02 13:45
311,العيش بيتكسر بسهولة,['BREAD_QUALITY'],-0.49,2025-11-02 13:50
312,الناس هناك مش بتسمع الشكاوى,['STAFF_BEHAVIOR'],-0.62,2025-11-02 13:55
313,في مشكلة في تحديث بيانات البطاقة,['CARD_ISSUE'],0.4,2025-11-02 14:00
314,مفيش منتجات في المخزن,['STORE_AVAILABILITY'],0.52,2025-11-02 14:05
315,الزيت ناقص في الجمعية,['STORE_AVAILABILITY'],-0.59,2025-11-02 14:10
316,الموظف رفض يساعدني,['STAFF_BEHAVIOR'],0.43,2025-11-02 14:15
317,العيش مش طازج خالص,['BREAD_QUALITY'],-0.1,2025-11-02 14:20
318,الزيت ناقص في الجمعية,['STORE_AVAILABILITY'],-0.14,2025-11-02 14:25
319,البطاقة محتاجة تفعيل ومش عارف أعمله,['CARD_ISSUE'],-0.65,2025-11-02 14:30
320,العيش مش مستوي كويس,['BREAD_QUALITY'],0.26,2025-11-02 14:35
321,مفيش سكر في الجمعية,['STORE_AVAILABILITY'],0.81,2025-11-02 14:40
322,العيش صغير ومش مكفي,['BREAD_QUALITY'],-0.99,2025-11-02 14:45
323,العيش صغير ومش مكفي,"['BREAD_QUALITY', 'STAFF_BEHAVIOR']",0.3,2025-11-02 14:50
324,الزيت ناقص في الجمعية,['STORE_AVAILABILITY'],-0.64,2025-11-02 14:55
325,البطاقة محتاجة تفعيل ومش عارف أعمله,['CARD_ISSUE'],0.66,2025-11-02 15:00
326,مفيش طماطم ولا بقوليات في التموين,['STORE_AVAILABILITY'],-0.61,2025-11-02 15:05
327,البطاقة مش بتقرأ على الماكينة,['CARD_ISSUE'],-0.04,2025-11-02 15:10
328,البطاقة محتاجة تفعيل ومش عارف أعمله,['CARD_ISSUE'],0.62,2025-11-02 15:15
329,الفرع قافل بدري,['STORE_AVAILABILITY'],0.89,2025-11-02 15:20
330,الفرع مش بيجيب السلع في ميعادها,"['STORE_AVAILABILITY', 'STAFF_BEHAVIOR']",0.81,2025-11-02 15:25
331,مفيش سكر في الجمعية,['STORE_AVAILABILITY'],-0.63,2025-11-02 15:30
332,العيش بيتكسر بسهولة,['BREAD_QUALITY'],0.33,2025-11-02 15:35
333,البطاقة ضاعت ومش عارف أعمل بدل فاقد,"['CARD_ISSUE', 'STORE_AVAILABILITY']",0.06,2025-11-02 15:40
334,الموظفين مش متعاونين,"['STAFF_BEHAVIOR', 'SYSTEM_DOWN']",0.33,2025-11-02 15:45
335,الاستقبال كان سيئ جدًا,['STAFF_BEHAVIOR'],0.18,2025-11-02 15:50
336,مفيش طماطم ولا بقوليات في التموين,['STORE_AVAILABILITY'],-0.93,2025-11-02 15:55
337,التموين ناقص منتجات كتير,['STORE_AVAILABILITY'],-0.39,2025-11-02 16:00
338,السيستم بيهنج كل شوية,['SYSTEM_DOWN'],0.73,2025-11-02 16:05
339,العيش مش مستوي كويس,['BREAD_QUALITY'],0.99,2025-11-02 16:10
340,العيش صغير ومش مكفي,['BREAD_QUALITY'],0.38,2025-11-02 16:15
341,الموقع بطئ جدًا,['SYSTEM_DOWN'],-0.75,2025-11-02 16:20
342,الموقع مش بيفتح,"['SYSTEM_DOWN', 'BREAD_QUALITY']",0.6,2025-11-02 16:25
343,الناس في المكتب مش محترمين,['STAFF_BEHAVIOR'],0.32,2025-11-02 16:30
344,العيش ريحته مش حلوة,['BREAD_QUALITY'],0.37,2025-11-02 16:35
345,التموين ناقص منتجات كتير,"['STORE_AVAILABILITY', 'CARD_ISSUE']",-0.39,2025-11-02 16:40
346,البطاقة مش بتصرف,"['CARD_ISSUE', 'STAFF_BEHAVIOR']",0.01,2025-11-02 16:45
347,العيش مش طازج خالص,['BREAD_QUALITY'],-0.22,2025-11-02 16:50
348,الموظفين مش متعاونين,['STAFF_BEHAVIOR'],-0.9,2025-11-02 16:55
349,الاستقبال كان سيئ جدًا,['STAFF_BEHAVIOR'],0.39,2025-11-02 17:00
350,الموظفين مش متعاونين,['STAFF_BEHAVIOR'],0.45,2025-11-02 17:05
351,التموين ناقص منتجات كتير,['STORE_AVAILABILITY'],-0.23,2025-11-02 17:10
352,التموين ناقص منتجات كتير,['STORE_AVAILABILITY'],0.29,2025-11-02 17:15
353,التطبيق مش بيكمل العملية,"['SYSTEM_DOWN', 'CARD_ISSUE']",-0.93,2025-11-02 17:20
354,التطبيق مش بيكمل العملية,['SYSTEM_DOWN'],-0.71,2025-11-02 17:25
355,التطبيق مش بيكمل العملية,"['SYSTEM_DOWN', 'CARD_ISSUE']",-0.37,2025-11-02 17:30
356,العيش فيه طعم غريب,['BREAD_QUALITY'],0.22,2025-11-02 17:35
357,مفيش دقيق في الجمعية,['STORE_AVAILABILITY'],-0.47,2025-11-02 17:40
358,البطاقة مش بتقرأ على الماكينة,['CARD_ISSUE'],0.39,2025-11-02 17:45
359,العيش صغير ومش مكفي,['BREAD_QUALITY'],0.06,2025-11-02 17:50
360,البطاقة مش شغالة,['CARD_ISSUE'],0.49,2025-11-02 17:55
361,العيش ريحته مش حلوة,['BREAD_QUALITY'],0.82,2025-11-02 18:00
362,الموقع مش بيقبل البيانات,"['SYSTEM_DOWN', 'STORE_AVAILABILITY']",0.23,2025-11-02 18:05
363,السيستم بيقفل لوحده,"['SYSTEM_DOWN', 'BREAD_QUALITY']",-0.48,2025-11-02 18:10
364,الفرع قافل بدري,['STORE_AVAILABILITY'],0.66,2025-11-02 18:15
365,الموظف قال البطاقة موقوفة بدون سبب,['CARD_ISSUE'],-0.5,2025-11-02 18:20
366,العيش مش طازج خالص,['BREAD_QUALITY'],-0.94,2025-11-02 18:25
367,العيش مش طازج خالص,['BREAD_QUALITY'],0.04,2025-11-02 18:30
368,الموقع مش بيقبل البيانات,['SYSTEM_DOWN'],0.42,2025-11-02 18:35
369,العيش ريحته مش حلوة,"['BREAD_QUALITY', 'STORE_AVAILABILITY']",-0.77,2025-11-02 18:40
370,العيش فيه طعم غريب,['BREAD_QUALITY'],-0.92,2025-11-02 18:45
371,الموقع بطئ جدًا,['SYSTEM_DOWN'],0.18,2025-11-02 18:50
372,الموظف قال البطاقة موقوفة بدون سبب,['CARD_ISSUE'],0.21,2025-11-02 18:55
373,الاستقبال كان سيئ جدًا,['STAFF_BEHAVIOR'],-0.94,2025-11-02 19:00
374,الموظفة كانت بتتعامل بتعالي,['STAFF_BEHAVIOR'],0.88,2025-11-02 19:05
375,مفيش رز من امبارح,"['STORE_AVAILABILITY', 'BREAD_QUALITY']",0.04,2025-11-02 19:10
376,السيستم بيهنج كل شوية,['SYSTEM_DOWN'],1.0,2025-11-02 19:15
377,العيش بيتكسر بسهولة,"['BREAD_QUALITY', 'STAFF_BEHAVIOR']",-0.9,2025-11-02 19:20
378,الموظف بيتكلم بطريقة مش محترمة,['STAFF_BEHAVIOR'],0.12,2025-11-02 19:25
379,مفيش رز من امبارح,"['STORE_AVAILABILITY', 'CARD_ISSUE']",0.64,2025-11-02 19:30
380,في مشكلة في تحديث بيانات البطاقة,['CARD_ISSUE'],0.76,2025-11-02 19:35
381,البطاقة مش شغالة,['CARD_ISSUE'],0.65,2025-11-02 19:40
382,الموظف قال البطاقة موقوفة بدون سبب,"['CARD_ISSUE', 'SYSTEM_DOWN']",-0.84,2025-11-02 19:45
383,العيش ريحته مش حلوة,['BREAD_QUALITY'],0.1,2025-11-02 19:50
384,البطاقة مش بتقرأ على الماكينة,"['CARD_ISSUE', 'BREAD_QUALITY']",-0.37,2025-11-02 19:55
385,الموقع مش بيفتح,"['SYSTEM_DOWN', 'BREAD_QUALITY']",-0.44,2025-11-02 20:00
386,السيستم بيهنج كل شوية,['SYSTEM_DOWN'],-0.16,2025-11-02 20:05
387,في موظف اتكلم بأسلوب مش كويس,['STAFF_BEHAVIOR'],0.04,2025-11-02 20:10
388,العيش صغير ومش مكفي,['BREAD_QUALITY'],-0.25,2025-11-02 20:15
389,العيش مش مستوي كويس,['BREAD_QUALITY'],-0.28,2025-11-02 20:20
390,الخدمة واقفة بقالها يومين,['SYSTEM_DOWN'],-0.06,2025-11-02 20:25
391,البطاقة بتطلع خطأ في الماكينة,['CARD_ISSUE'],0.24,2025-11-02 20:30
392,الخدمة واقفة بقالها يومين,['SYSTEM_DOWN'],-0.09,2025-11-02 20:35
393,العيش ناشف جدًا,['BREAD_QUALITY'],-0.21,2025-11-02 20:40
394,الناس هناك مش بتسمع الشكاوى,['STAFF_BEHAVIOR'],-0.7,2025-11-02 20:45
395,التموين ناقص منتجات كتير,"['STORE_AVAILABILITY', 'SYSTEM_DOWN']",0.8,2025-11-02 20:50
396,التموين ناقص منتجات كتير,"['STORE_AVAILABILITY', 'SYSTEM_DOWN']",0.86,2025-11-02 20:55
397,الموظف بيتعامل بطريقة وحشة,['STAFF_BEHAVIOR'],-0.12,2025-11-02 21:00
398,التموين ناقص منتجات كتير,"['STORE_AVAILABILITY', 'SYSTEM_DOWN']",-0.25,2025-11-02 21:05
399,الزيت ناقص في الجمعية,"['STORE_AVAILABILITY', 'SYSTEM_DOWN']",0.93,2025-11-02 21:10
400,العيش مش متوفر كويس,['BREAD_QUALITY'],-0.15,2025-11-02 21:15
401,العيش مش متوفر كويس,['BREAD_QUALITY'],0.05,2025-11-02 21:20
402,مفيش سكر في الجمعية,['STORE_AVAILABILITY'],0.53,2025-11-02 21:25
403,العيش غالي ومش بنفس الجودة,['BREAD_QUALITY'],-0.19,2025-11-02 21:30
404,العيش صغير ومش مكفي,['BREAD_QUALITY'],-0.45,2025-11-02 21:35
405,الاستقبال كان سيئ جدًا,['STAFF_BEHAVIOR'],0.54,2025-11-02 21:40
406,مش عارف أعمل تحديث للبطاقة,['SYSTEM_DOWN'],-0.2,2025-11-02 21:45
407,الفرع مش بيجيب السلع في ميعادها,['STORE_AVAILABILITY'],-0.71,2025-11-02 21:50
408,في موظف اتكلم بأسلوب مش كويس,['STAFF_BEHAVIOR'],-0.86,2025-11-02 21:55
409,مفيش رز من امبارح,"['STORE_AVAILABILITY', 'STAFF_BEHAVIOR']",0.07,2025-11-02 22:00
410,الموظف بيتكلم بطريقة مش محترمة,"['STAFF_BEHAVIOR', 'CARD_ISSUE']",-0.7,2025-11-02 22:05
411,العيش مش متوفر كويس,"['BREAD_QUALITY', 'STORE_AVAILABILITY']",-0.43,2025-11-02 22:10
412,الفرع مش بيجيب السلع في ميعادها,['STORE_AVAILABILITY'],0.18,2025-11-02 22:15
413,العيش ناشف جدًا,['BREAD_QUALITY'],0.87,2025-11-02 22:20
414,الفرع قافل بدري,['STORE_AVAILABILITY'],-0.36,2025-11-02 22:25
415,الزيت ناقص في الجمعية,['STORE_AVAILABILITY'],-0.04,2025-11-02 22:30
416,البطاقة مش بتقرأ على الماكينة,['CARD_ISSUE'],0.02,2025-11-02 22:35
417,الموظف بيتعامل بطريقة وحشة,['STAFF_BEHAVIOR'],0.9,2025-11-02 22:40
418,السيستم مش شغال من الصبح,['SYSTEM_DOWN'],0.69,2025-11-02 22:45
419,مش عارف أعمل تحديث للبطاقة,['SYSTEM_DOWN'],-0.0,2025-11-02 22:50
420,العيش مش متوفر كويس,['BREAD_QUALITY'],0.36,2025-11-02 22:55
421,مفيش دقيق في الجمعية,['STORE_AVAILABILITY'],-0.42,2025-11-02 23:00
422,البطاقة مش شغالة,['CARD_ISSUE'],0.97,2025-11-02 23:05
423,الموظف بيتعامل بطريقة وحشة,"['STAFF_BEHAVIOR', 'STORE_AVAILABILITY']",0.74,2025-11-02 23:10
424,العيش مش متوفر كويس,['BREAD_QUALITY'],0.02,2025-11-02 23:15
425,الموظفة كانت بتتعامل بتعالي,['STAFF_BEHAVIOR'],-0.63,2025-11-02 23:20
426,البطاقة مش شغالة,['CARD_ISSUE'],0.87,2025-11-02 23:25
427,العيش صغير ومش مكفي,"['BREAD_QUALITY', 'STORE_AVAILABILITY']",-0.23,2025-11-02 23:30
428,العيش ناشف جدًا,['BREAD_QUALITY'],-0.6,2025-11-02 23:35
429,الموظفين مش متعاونين,['STAFF_BEHAVIOR'],-0.65,2025-11-02 23:40
430,الموظف رفض يساعدني,"['STAFF_BEHAVIOR', 'BREAD_QUALITY']",0.45,2025-11-02 23:45
431,مفيش دقيق في الجمعية,['STORE_AVAILABILITY'],0.22,2025-11-02 23:50
432,الفرع قافل بدري,['STORE_AVAILABILITY'],0.89,2025-11-02 23:55
433,مفيش منتجات في المخزن,"['STORE_AVAILABILITY', 'BREAD_QUALITY']",-0.2,2025-11-03 00:00
434,الموقع مش بيفتح,"['SYSTEM_DOWN', 'BREAD_QUALITY']",-0.12,2025-11-03 00:05
435,في موظف اتكلم بأسلوب مش كويس,"['STAFF_BEHAVIOR', 'STORE_AVAILABILITY']",0.22,2025-11-03 00:10
436,مفيش طماطم ولا بقوليات في التموين,['STORE_AVAILABILITY'],0.64,2025-11-03 00:15
437,مفيش دقيق في الجمعية,['STORE_AVAILABILITY'],-0.37,2025-11-03 00:20
438,العيش فيه طعم غريب,['BREAD_QUALITY'],0.55,2025-11-03 00:25
439,الموقع مش بيفتح,['SYSTEM_DOWN'],-0.81,2025-11-03 00:30
440,الموقع مش بيقبل البيانات,['SYSTEM_DOWN'],0.32,2025-11-03 00:35
441,الاستقبال كان سيئ جدًا,"['STAFF_BEHAVIOR', 'SYSTEM_DOWN']",-0.73,2025-11-03 00:40
442,في مشكلة في تحديث بيانات البطاقة,['CARD_ISSUE'],0.09,2025-11-03 00:45
443,البطاقة مش بتصرف,['CARD_ISSUE'],0.19,2025-11-03 00:50
444,السيستم مش شغال من الصبح,"['SYSTEM_DOWN', 'BREAD_QUALITY']",-0.1,2025-11-03 00:55
445,الموقع مش بيفتح,['SYSTEM_DOWN'],-0.21,2025-11-03 01:00
446,الناس في المكتب مش محترمين,"['STAFF_BEHAVIOR', 'BREAD_QUALITY']",0.92,2025-11-03 01:05
447,الموقع مش بيقبل البيانات,['SYSTEM_DOWN'],-0.89,2025-11-03 01:10
448,العيش مش مستوي كويس,['BREAD_QUALITY'],-0.32,2025-11-03 01:15
449,العيش مش متوفر كويس,"['BREAD_QUALITY', 'STAFF_BEHAVIOR']",-0.79,2025-11-03 01:20
450,الناس هناك مش بتسمع الشكاوى,['STAFF_BEHAVIOR'],-0.61,2025-11-03 01:25
451,الموظف قال البطاقة موقوفة بدون سبب,['CARD_ISSUE'],0.58,2025-11-03 01:30
452,العيش صغير ومش مكفي,['BREAD_QUALITY'],0.41,2025-11-03 01:35
453,الناس في المكتب مش محترمين,['STAFF_BEHAVIOR'],0.62,2025-11-03 01:40
454,مفيش سكر في الجمعية,['STORE_AVAILABILITY'],-0.9,2025-11-03 01:45
455,الفرع قافل بدري,"['STORE_AVAILABILITY', 'STAFF_BEHAVIOR']",-0.99,2025-11-03 01:50
456,العيش بيتكسر بسهولة,['BREAD_QUALITY'],0.65,2025-11-03 01:55
457,الموظف رفض يساعدني,"['STAFF_BEHAVIOR', 'SYSTEM_DOWN']",0.92,2025-11-03 02:00
458,السيستم بيهنج كل شوية,['SYSTEM_DOWN'],0.89,2025-11-03 02:05
459,الفرع مش بيجيب السلع في ميعادها,['STORE_AVAILABILITY'],0.95,2025-11-03 02:10
460,الخدمة واقفة بقالها يومين,"['SYSTEM_DOWN', 'STORE_AVAILABILITY']",0.14,2025-11-03 02:15
461,مش قادر أغير الرقم السري للبطاقة,"['CARD_ISSUE', 'STAFF_BEHAVIOR']",-0.57,2025-11-03 02:20
462,الموقع مش بيفتح,['SYSTEM_DOWN'],-0.18,2025-11-03 02:25
463,مفيش سكر في الجمعية,['STORE_AVAILABILITY'],0.05,2025-11-03 02:30
464,الموظف بيتكلم بطريقة مش محترمة,"['STAFF_BEHAVIOR', 'STORE_AVAILABILITY']",-0.92,2025-11-03 02:35
465,مفيش منتجات في المخزن,['STORE_AVAILABILITY'],-0.73,2025-11-03 02:40
466,مفيش دقيق في الجمعية,['STORE_AVAILABILITY'],0.02,2025-11-03 02:45
467,الموظفين مش متعاونين,['STAFF_BEHAVIOR'],-0.07,2025-11-03 02:50
468,الزيت ناقص في الجمعية,['STORE_AVAILABILITY'],0.3,2025-11-03 02:55
469,السيستم مش شغال من الصبح,"['SYSTEM_DOWN', 'BREAD_QUALITY']",-0.46,2025-11-03 03:00
470,البطاقة محتاجة تفعيل ومش عارف أعمله,"['CARD_ISSUE', 'STORE_AVAILABILITY']",-0.51,2025-11-03 03:05
471,البطاقة مش بتقرأ على الماكينة,['CARD_ISSUE'],-0.84,2025-11-03 03:10
472,الموقع مش بيفتح,['SYSTEM_DOWN'],-0.25,2025-11-03 03:15
473,الموظف بيتكلم بطريقة مش محترمة,['STAFF_BEHAVIOR'],0.22,2025-11-03 03:20
474,العيش مش مستوي كويس,['BREAD_QUALITY'],-0.58,2025-11-03 03:25
475,مش عارف أعمل تحديث للبطاقة,['SYSTEM_DOWN'],0.85,2025-11-03 03:30
476,الموقع بطئ جدًا,['SYSTEM_DOWN'],-0.1,2025-11-03 03:35
477,في مشكلة في تحديث بيانات البطاقة,"['CARD_ISSUE', 'STORE_AVAILABILITY']",0.89,2025-11-03 03:40
478,العيش ريحته مش حلوة,['BREAD_QUALITY'],0.22,2025-11-03 03:45
479,العيش ريحته مش حلوة,['BREAD_QUALITY'],0.91,2025-11-03 03:50
480,مش قادر أغير الرقم السري للبطاقة,['CARD_ISSUE'],0.18,2025-11-03 03:55
481,العيش ريحته مش حلوة,['BREAD_QUALITY'],0.02,2025-11-03 04:00
482,مفيش رز من امبارح,['STORE_AVAILABILITY'],-0.35,2025-11-03 04:05
483,الفرع مش بيجيب السلع في ميعادها,"['STORE_AVAILABILITY', 'STAFF_BEHAVIOR']",0.78,2025-11-03 04:10
484,الفرع مش بيجيب السلع في ميعادها,"['STORE_AVAILABILITY', 'BREAD_QUALITY']",-0.34,2025-11-03 04:15
485,الموظفة كانت بتتعامل بتعالي,['STAFF_BEHAVIOR'],0.27,2025-11-03 04:20
486,الموظفين مش متعاونين,['STAFF_BEHAVIOR'],0.24,2025-11-03 04:25
487,البطاقة ضاعت ومش عارف أعمل بدل فاقد,"['CARD_ISSUE', 'STORE_AVAILABILITY']",-0.27,2025-11-03 04:30
488,مش قادر أغير الرقم السري للبطاقة,['CARD_ISSUE'],0.4,2025-11-03 04:35
489,الفرع قافل بدري,"['STORE_AVAILABILITY', 'CARD_ISSUE']",0.42,2025-11-03 04:40
490,الموظف بيتكلم بطريقة مش محترمة,['STAFF_BEHAVIOR'],0.41,2025-11-03 04:45
491,في مشكلة في تحديث بيانات البطاقة,"['CARD_ISSUE', 'BREAD_QUALITY']",-0.09,2025-11-03 04:50
492,العيش صغير ومش مكفي,"['BREAD_QUALITY', 'STORE_AVAILABILITY']",0.32,2025-11-03 04:55
493,الفرع قافل بدري,['STORE_AVAILABILITY'],0.05,2025-11-03 05:00
494,السيستم بيهنج كل شوية,['SYSTEM_DOWN'],-0.75,2025-11-03 05:05
495,الموظف بيتعامل بطريقة وحشة,['STAFF_BEHAVIOR'],-0.33,2025-11-03 05:10
496,العيش مش طازج خالص,['BREAD_QUALITY'],0.58,2025-11-03 05:15
497,البطاقة محتاجة تفعيل ومش عارف أعمله,['CARD_ISSUE'],0.16,2025-11-03 05:20
498,البطاقة مش بتصرف,['CARD_ISSUE'],0.55,2025-11-03 05:25
499,الموظف بيتعامل بطريقة وحشة,['STAFF_BEHAVIOR'],-0.07,2025-11-03 05:30
500,العيش مش مستوي كويس,"['BREAD_QUALITY', 'STAFF_BEHAVIOR']",-0.58,2025-11-03 05:35
501,البطاقة مش شغالة,['CARD_ISSUE'],0.91,2025-11-03 05:40
502,الفرع مش بيجيب السلع في ميعادها,"['STORE_AVAILABILITY', 'CARD_ISSUE']",0.23,2025-11-03 05:45
503,السيستم بيهنج كل شوية,"['SYSTEM_DOWN', 'CARD_ISSUE']",-0.47,2025-11-03 05:50
504,البطاقة محتاجة تفعيل ومش عارف أعمله,"['CARD_ISSUE', 'SYSTEM_DOWN']",0.24,2025-11-03 05:55
505,الناس هناك مش بتسمع الشكاوى,"['STAFF_BEHAVIOR', 'CARD_ISSUE']",-0.23,2025-11-03 06:00
506,البطاقة بتطلع خطأ في الماكينة,"['CARD_ISSUE', 'BREAD_QUALITY']",0.14,2025-11-03 06:05
507,الموقع مش بيفتح,['SYSTEM_DOWN'],0.12,2025-11-03 06:10
508,العيش غالي ومش بنفس الجودة,['BREAD_QUALITY'],0.38,2025-11-03 06:15
509,الزيت ناقص في الجمعية,['STORE_AVAILABILITY'],-0.35,2025-11-03 06:20
510,العيش مش طازج خالص,['BREAD_QUALITY'],0.46,2025-11-03 06:25
511,السيستم مش شغال من الصبح,"['SYSTEM_DOWN', 'STORE_AVAILABILITY']",-0.17,2025-11-03 06:30
512,في مشكلة في تحديث بيانات البطاقة,['CARD_ISSUE'],-0.95,2025-11-03 06:35
513,الموقع مش بيقبل البيانات,['SYSTEM_DOWN'],-0.83,2025-11-03 06:40
514,العيش مش طازج خالص,"['BREAD_QUALITY', 'CARD_ISSUE']",0.95,2025-11-03 06:45
515,مفيش سكر في الجمعية,['STORE_AVAILABILITY'],0.98,2025-11-03 06:50
516,البطاقة بتطلع خطأ في الماكينة,['CARD_ISSUE'],0.63,2025-11-03 06:55
517,الموظفين مش متعاونين,"['STAFF_BEHAVIOR', 'SYSTEM_DOWN']",0.11,2025-11-03 07:00
518,البطاقة محتاجة تفعيل ومش عارف أعمله,['CARD_ISSUE'],-0.96,2025-11-03 07:05
519,الموقع مش بيفتح,['SYSTEM_DOWN'],-0.65,2025-11-03 07:10
520,العيش فيه طعم غريب,"['BREAD_QUALITY', 'STAFF_BEHAVIOR']",0.86,2025-11-03 07:15
521,مفيش رز من امبارح,"['STORE_AVAILABILITY', 'STAFF_BEHAVIOR']",-0.46,2025-11-03 07:20
522,العيش مش متوفر كويس,['BREAD_QUALITY'],0.32,2025-11-03 07:25
523,الموظف بيتكلم بطريقة مش محترمة,['STAFF_BEHAVIOR'],-0.54,2025-11-03 07:30
524,البطاقة بتطلع خطأ في الماكينة,"['CARD_ISSUE', 'STORE_AVAILABILITY']",-0.93,2025-11-03 07:35
525,الموقع بطئ جدًا,"['SYSTEM_DOWN', 'BREAD_QUALITY']",0.48,2025-11-03 07:40
526,البطاقة مش بتقرأ على الماكينة,"['CARD_ISSUE', 'STORE_AVAILABILITY']",0.03,2025-11-03 07:45
527,الناس في المكتب مش محترمين,['STAFF_BEHAVIOR'],-0.11,2025-11-03 07:50
528,مفيش طماطم ولا بقوليات في التموين,"['STORE_AVAILABILITY', 'SYSTEM_DOWN']",-0.21,2025-11-03 07:55
529,الموظف بيتكلم بطريقة مش محترمة,"['STAFF_BEHAVIOR', 'STORE_AVAILABILITY']",-0.91,2025-11-03 08:00
530,البطاقة محتاجة تفعيل ومش عارف أعمله,['CARD_ISSUE'],0.41,2025-11-03 08:05
531,الموظف قال البطاقة موقوفة بدون سبب,"['CARD_ISSUE', 'STAFF_BEHAVIOR']",-0.62,2025-11-03 08:10
532,مش عارف أعمل تحديث للبطاقة,"['SYSTEM_DOWN', 'BREAD_QUALITY']",-0.12,2025-11-03 08:15
533,الموقع مش بيقبل البيانات,['SYSTEM_DOWN'],0.46,2025-11-03 08:20
534,العيش غالي ومش بنفس الجودة,"['BREAD_QUALITY', 'CARD_ISSUE']",-0.83,2025-11-03 08:25
535,البطاقة مش بتصرف,['CARD_ISSUE'],-0.28,2025-11-03 08:30
536,الناس في المكتب مش محترمين,"['STAFF_BEHAVIOR', 'STORE_AVAILABILITY']",0.72,2025-11-03 08:35
537,الموقع مش بيقبل البيانات,"['SYSTEM_DOWN', 'STORE_AVAILABILITY']",0.35,2025-11-03 08:40
538,الموظف رفض يساعدني,"['STAFF_BEHAVIOR', 'CARD_ISSUE']",0.36,2025-11-03 08:45
539,مفيش رز من امبارح,"['STORE_AVAILABILITY', 'STAFF_BEHAVIOR']",-0.27,2025-11-03 08:50
540,السيستم بيهنج كل شوية,"['SYSTEM_DOWN', 'CARD_ISSUE']",0.43,2025-11-03 08:55
541,مش عارف أعمل تحديث للبطاقة,"['SYSTEM_DOWN', 'STAFF_BEHAVIOR']",0.12,2025-11-03 09:00
542,البطاقة محتاجة تفعيل ومش عارف أعمله,['CARD_ISSUE'],-0.78,2025-11-03 09:05
543,التطبيق مش بيكمل العملية,['SYSTEM_DOWN'],-0.82,2025-11-03 09:10
544,في موظف اتكلم بأسلوب مش كويس,['STAFF_BEHAVIOR'],-0.25,2025-11-03 09:15
545,البطاقة ضاعت ومش عارف أعمل بدل فاقد,"['CARD_ISSUE', 'STAFF_BEHAVIOR']",-0.48,2025-11-03 09:20
546,التموين ناقص منتجات كتير,['STORE_AVAILABILITY'],-0.14,2025-11-03 09:25
547,البطاقة مش بتقرأ على الماكينة,['CARD_ISSUE'],0.27,2025-11-03 09:30
548,السيستم بيهنج كل شوية,['SYSTEM_DOWN'],0.62,2025-11-03 09:35
549,العيش غالي ومش بنفس الجودة,['BREAD_QUALITY'],0.08,2025-11-03 09:40
550,مفيش منتجات في المخزن,['STORE_AVAILABILITY'],-0.76,2025-11-03 09:45
551,الموظف بيتعامل بطريقة وحشة,"['STAFF_BEHAVIOR', 'STORE_AVAILABILITY']",0.82,2025-11-03 09:50
552,العيش غالي ومش بنفس الجودة,"['BREAD_QUALITY', 'SYSTEM_DOWN']",-0.87,2025-11-03 09:55
553,مفيش رز من امبارح,"['STORE_AVAILABILITY', 'STAFF_BEHAVIOR']",-0.98,2025-11-03 10:00
554,الموظف بيتعامل بطريقة وحشة,"['STAFF_BEHAVIOR', 'SYSTEM_DOWN']",0.12,2025-11-03 10:05
555,مش عارف أعمل تحديث للبطاقة,['SYSTEM_DOWN'],-0.48,2025-11-03 10:10
556,البطاقة مش شغالة,"['CARD_ISSUE', 'STORE_AVAILABILITY']",0.02,2025-11-03 10:15
557,العيش مش متوفر كويس,"['BREAD_QUALITY', 'STAFF_BEHAVIOR']",-0.54,2025-11-03 10:20
558,البطاقة مش بتصرف,"['CARD_ISSUE', 'STAFF_BEHAVIOR']",-0.99,2025-11-03 10:25
559,الموظف رفض يساعدني,['STAFF_BEHAVIOR'],0.82,2025-11-03 10:30
560,العيش مش طازج خالص,"['BREAD_QUALITY', 'CARD_ISSUE']",-0.47,2025-11-03 10:35
561,مفيش دقيق في الجمعية,['STORE_AVAILABILITY'],-0.2,2025-11-03 10:40
562,في موظف اتكلم بأسلوب مش كويس,['STAFF_BEHAVIOR'],-0.84,2025-11-03 10:45
563,السيستم بيقفل لوحده,['SYSTEM_DOWN'],-0.26,2025-11-03 10:50
564,البطاقة ضاعت ومش عارف أعمل بدل فاقد,['CARD_ISSUE'],-0.19,2025-11-03 10:55
565,الموقع بطئ جدًا,['SYSTEM_DOWN'],-0.53,2025-11-03 11:00
566,العيش ناشف جدًا,['BREAD_QUALITY'],-0.98,2025-11-03 11:05
567,الموظفة كانت بتتعامل بتعالي,"['STAFF_BEHAVIOR', 'STORE_AVAILABILITY']",-0.35,2025-11-03 11:10
568,العيش ريحته مش حلوة,['BREAD_QUALITY'],-0.06,2025-11-03 11:15
569,مش قادر أغير الرقم السري للبطاقة,['CARD_ISSUE'],-0.42,2025-11-03 11:20
570,البطاقة مش بتقرأ على الماكينة,['CARD_ISSUE'],-0.78,2025-11-03 11:25
571,الموظفة كانت بتتعامل بتعالي,"['STAFF_BEHAVIOR', 'BREAD_QUALITY']",0.69,2025-11-03 11:30
572,مش عارف أعمل تحديث للبطاقة,['SYSTEM_DOWN'],0.74,2025-11-03 11:35
573,التموين ناقص منتجات كتير,"['STORE_AVAILABILITY', 'BREAD_QUALITY']",0.52,2025-11-03 11:40
574,الفرع قافل بدري,['STORE_AVAILABILITY'],0.96,2025-11-03 11:45
575,الموظفين مش متعاونين,['STAFF_BEHAVIOR'],0.71,2025-11-03 11:50
576,في موظف اتكلم بأسلوب مش كويس,['STAFF_BEHAVIOR'],0.37,2025-11-03 11:55
577,الناس هناك مش بتسمع الشكاوى,['STAFF_BEHAVIOR'],0.02,2025-11-03 12:00
578,الموظف قال البطاقة موقوفة بدون سبب,"['CARD_ISSUE', 'SYSTEM_DOWN']",0.58,2025-11-03 12:05
579,مفيش دقيق في الجمعية,"['STORE_AVAILABILITY', 'STAFF_BEHAVIOR']",-0.82,2025-11-03 12:10
580,الموظف بيتعامل بطريقة وحشة,['STAFF_BEHAVIOR'],0.29,2025-11-03 12:15
581,الفرع قافل بدري,['STORE_AVAILABILITY'],0.36,2025-11-03 12:20
582,العيش غالي ومش بنفس الجودة,"['BREAD_QUALITY', 'STAFF_BEHAVIOR']",-0.2,2025-11-03 12:25
583,مفيش منتجات في المخزن,['STORE_AVAILABILITY'],-0.6,2025-11-03 12:30
584,الموقع مش بيقبل البيانات,"['SYSTEM_DOWN', 'BREAD_QUALITY']",0.48,2025-11-03 12:35
585,الخدمة واقفة بقالها يومين,['SYSTEM_DOWN'],0.47,2025-11-03 12:40
586,البطاقة ضاعت ومش عارف أعمل بدل فاقد,['CARD_ISSUE'],0.0,2025-11-03 12:45
587,الموظف قال البطاقة موقوفة بدون سبب,['CARD_ISSUE'],0.85,2025-11-03 12:50
588,البطاقة بتطلع خطأ في الماكينة,['CARD_ISSUE'],0.32,2025-11-03 12:55
589,الموظف رفض يساعدني,['STAFF_BEHAVIOR'],0.91,2025-11-03 13:00
590,مفيش رز من امبارح,"['STORE_AVAILABILITY', 'SYSTEM_DOWN']",0.1,2025-11-03 13:05
591,في مشكلة في تحديث بيانات البطاقة,"['CARD_ISSUE', 'STAFF_BEHAVIOR']",0.13,2025-11-03 13:10
592,الموظف بيتكلم بطريقة مش محترمة,['STAFF_BEHAVIOR'],-0.69,2025-11-03 13:15
593,العيش بيتكسر بسهولة,['BREAD_QUALITY'],-0.34,2025-11-03 13:20
594,التطبيق مش بيكمل العملية,"['SYSTEM_DOWN', 'CARD_ISSUE']",-0.61,2025-11-03 13:25
595,البطاقة مش بتصرف,"['CARD_ISSUE', 'STORE_AVAILABILITY']",-0.02,2025-11-03 13:30
596,التطبيق مش بيكمل العملية,['SYSTEM_DOWN'],-0.44,2025-11-03 13:35
597,مفيش منتجات في المخزن,['STORE_AVAILABILITY'],-0.75,2025-11-03 13:40
598,الفرع مش بيجيب السلع في ميعادها,"['STORE_AVAILABILITY', 'STAFF_BEHAVIOR']",-0.23,2025-11-03 13:45
599,مفيش دقيق في الجمعية,['STORE_AVAILABILITY'],-0.62,2025-11-03 13:50
600,الموظفين مش متعاونين,['STAFF_BEHAVIOR'],0.78,2025-11-03 13:55
601,العيش ناشف جدًا,"['BREAD_QUALITY', 'STORE_AVAILABILITY']",0.18,2025-11-03 14:00
602,الموقع بطئ جدًا,"['SYSTEM_DOWN', 'STAFF_BEHAVIOR']",0.58,2025-11-03 14:05
603,الموقع بطئ جدًا,"['SYSTEM_DOWN', 'STAFF_BEHAVIOR']",0.14,2025-11-03 14:10
604,الناس في المكتب مش محترمين,['STAFF_BEHAVIOR'],0.8,2025-11-03 14:15
605,العيش مش مستوي كويس,['BREAD_QUALITY'],0.11,2025-11-03 14:20
606,السيستم بيهنج كل شوية,"['SYSTEM_DOWN', 'CARD_ISSUE']",0.21,2025-11-03 14:25
607,البطاقة مش بتقرأ على الماكينة,"['CARD_ISSUE', 'STAFF_BEHAVIOR']",-0.78,2025-11-03 14:30
608,الموقع مش بيفتح,['SYSTEM_DOWN'],0.21,2025-11-03 14:35
609,التموين ناقص منتجات كتير,['STORE_AVAILABILITY'],0.62,2025-11-03 14:40
610,الموظف قال البطاقة موقوفة بدون سبب,"['CARD_ISSUE', 'SYSTEM_DOWN']",0.43,2025-11-03 14:45
611,الموقع بطئ جدًا,"['SYSTEM_DOWN', 'BREAD_QUALITY']",-0.67,2025-11-03 14:50
612,الناس هناك مش بتسمع الشكاوى,['STAFF_BEHAVIOR'],0.43,2025-11-03 14:55
613,العيش مش طازج خالص,['BREAD_QUALITY'],0.13,2025-11-03 15:00
614,السيستم بيهنج كل شوية,"['SYSTEM_DOWN', 'STAFF_BEHAVIOR']",-0.29,2025-11-03 15:05
615,مش عارف أعمل تحديث للبطاقة,['SYSTEM_DOWN'],0.6,2025-11-03 15:10
616,العيش مش طازج خالص,['BREAD_QUALITY'],-0.97,2025-11-03 15:15
617,العيش غالي ومش بنفس الجودة,['BREAD_QUALITY'],-0.42,2025-11-03 15:20
618,البطاقة ضاعت ومش عارف أعمل بدل فاقد,"['CARD_ISSUE', 'BREAD_QUALITY']",0.85,2025-11-03 15:25
619,العيش فيه طعم غريب,"['BREAD_QUALITY', 'STORE_AVAILABILITY']",-0.18,2025-11-03 15:30
620,الموظف بيتعامل بطريقة وحشة,"['STAFF_BEHAVIOR', 'CARD_ISSUE']",-0.66,2025-11-03 15:35
621,مفيش رز من امبارح,['STORE_AVAILABILITY'],0.32,2025-11-03 15:40
622,السيستم بيهنج كل شوية,['SYSTEM_DOWN'],-0.09,2025-11-03 15:45
623,الخدمة واقفة بقالها يومين,['SYSTEM_DOWN'],0.21,2025-11-03 15:50
624,مش عارف أعمل تحديث للبطاقة,['SYSTEM_DOWN'],0.25,2025-11-03 15:55
625,مفيش دقيق في الجمعية,"['STORE_AVAILABILITY', 'STAFF_BEHAVIOR']",0.6,2025-11-03 16:00
626,مفيش رز من امبارح,"['STORE_AVAILABILITY', 'CARD_ISSUE']",-0.38,2025-11-03 16:05
627,مش عارف أعمل تحديث للبطاقة,['SYSTEM_DOWN'],-0.58,2025-11-03 16:10
628,الموظفين مش متعاونين,"['STAFF_BEHAVIOR', 'CARD_ISSUE']",0.28,2025-11-03 16:15
629,الناس في المكتب مش محترمين,"['STAFF_BEHAVIOR', 'BREAD_QUALITY']",0.12,2025-11-03 16:20
630,الناس هناك مش بتسمع الشكاوى,['STAFF_BEHAVIOR'],0.28,2025-11-03 16:25
631,البطاقة بتطلع خطأ في الماكينة,['CARD_ISSUE'],0.68,2025-11-03 16:30
632,العيش صغير ومش مكفي,"['BREAD_QUALITY', 'SYSTEM_DOWN']",-0.78,2025-11-03 16:35
633,الاستقبال كان سيئ جدًا,['STAFF_BEHAVIOR'],-0.24,2025-11-03 16:40
634,الموقع مش بيقبل البيانات,['SYSTEM_DOWN'],0.62,2025-11-03 16:45
635,الفرع مش بيجيب السلع في ميعادها,"['STORE_AVAILABILITY', 'CARD_ISSUE']",0.85,2025-11-03 16:50
636,العيش مش متوفر كويس,['BREAD_QUALITY'],-0.29,2025-11-03 16:55
637,في مشكلة في تحديث بيانات البطاقة,['CARD_ISSUE'],0.16,2025-11-03 17:00
638,البطاقة مش بتقرأ على الماكينة,['CARD_ISSUE'],0.72,2025-11-03 17:05
639,البطاقة محتاجة تفعيل ومش عارف أعمله,"['CARD_ISSUE', 'STORE_AVAILABILITY']",0.22,2025-11-03 17:10
640,الموظف بيتكلم بطريقة مش محترمة,"['STAFF_BEHAVIOR', 'BREAD_QUALITY']",0.09,2025-11-03 17:15
641,الموقع مش بيقبل البيانات,"['SYSTEM_DOWN', 'STAFF_BEHAVIOR']",0.21,2025-11-03 17:20
642,الناس في المكتب مش محترمين,['STAFF_BEHAVIOR'],-0.69,2025-11-03 17:25
643,الموظفة كانت بتتعامل بتعالي,['STAFF_BEHAVIOR'],0.54,2025-11-03 17:30
644,الموظفة كانت بتتعامل بتعالي,['STAFF_BEHAVIOR'],-0.3,2025-11-03 17:35
645,مش عارف أعمل تحديث للبطاقة,['SYSTEM_DOWN'],-0.42,2025-11-03 17:40
646,العيش مش طازج خالص,['BREAD_QUALITY'],-0.46,2025-11-03 17:45
647,العيش غالي ومش بنفس الجودة,['BREAD_QUALITY'],0.53,2025-11-03 17:50
648,الموظف بيتكلم بطريقة مش محترمة,"['STAFF_BEHAVIOR', 'BREAD_QUALITY']",0.36,2025-11-03 17:55
649,الموظف بيتكلم بطريقة مش محترمة,['STAFF_BEHAVIOR'],-0.45,2025-11-03 18:00
650,في موظف اتكلم بأسلوب مش كويس,['STAFF_BEHAVIOR'],-0.57,2025-11-03 18:05
651,السيستم مش شغال من الصبح,['SYSTEM_DOWN'],-0.03,2025-11-03 18:10
652,الفرع قافل بدري,['STORE_AVAILABILITY'],-0.67,2025-11-03 18:15
653,العيش بيتكسر بسهولة,['BREAD_QUALITY'],0.32,2025-11-03 18:20
654,التموين ناقص منتجات كتير,['STORE_AVAILABILITY'],-0.45,2025-11-03 18:25
655,مفيش سكر في الجمعية,"['STORE_AVAILABILITY', 'SYSTEM_DOWN']",0.3,2025-11-03 18:30
656,البطاقة مش شغالة,['CARD_ISSUE'],0.57,2025-11-03 18:35
657,العيش ناشف جدًا,"['BREAD_QUALITY', 'CARD_ISSUE']",-0.79,2025-11-03 18:40
658,البطاقة مش بتصرف,"['CARD_ISSUE', 'STORE_AVAILABILITY']",-0.45,2025-11-03 18:45
659,العيش ناشف جدًا,['BREAD_QUALITY'],-0.3,2025-11-03 18:50
660,العيش صغير ومش مكفي,['BREAD_QUALITY'],0.44,2025-11-03 18:55
661,الاستقبال كان سيئ جدًا,['STAFF_BEHAVIOR'],0.85,2025-11-03 19:00
662,مش قادر أغير الرقم السري للبطاقة,['CARD_ISSUE'],-0.25,2025-11-03 19:05
663,العيش ريحته مش حلوة,['BREAD_QUALITY'],0.06,2025-11-03 19:10
664,مفيش منتجات في المخزن,['STORE_AVAILABILITY'],0.24,2025-11-03 19:15
665,الموقع بطئ جدًا,['SYSTEM_DOWN'],0.78,2025-11-03 19:20
666,البطاقة مش بتصرف,['CARD_ISSUE'],0.45,2025-11-03 19:25
667,الاستقبال كان سيئ جدًا,['STAFF_BEHAVIOR'],-0.82,2025-11-03 19:30
668,مفيش دقيق في الجمعية,['STORE_AVAILABILITY'],0.64,2025-11-03 19:35
669,مفيش سكر في الجمعية,"['STORE_AVAILABILITY', 'STAFF_BEHAVIOR']",0.55,2025-11-03 19:40
670,السيستم بيهنج كل شوية,['SYSTEM_DOWN'],-0.39,2025-11-03 19:45
671,البطاقة ضاعت ومش عارف أعمل بدل فاقد,['CARD_ISSUE'],-0.73,2025-11-03 19:50
672,البطاقة ضاعت ومش عارف أعمل بدل فاقد,['CARD_ISSUE'],0.44,2025-11-03 19:55
673,الموظف بيتكلم بطريقة مش محترمة,"['STAFF_BEHAVIOR', 'CARD_ISSUE']",0.17,2025-11-03 20:00
674,الناس هناك مش بتسمع الشكاوى,['STAFF_BEHAVIOR'],0.43,2025-11-03 20:05
675,في موظف اتكلم بأسلوب مش كويس,['STAFF_BEHAVIOR'],0.67,2025-11-03 20:10
676,الناس هناك مش بتسمع الشكاوى,['STAFF_BEHAVIOR'],0.26,2025-11-03 20:15
677,الموقع مش بيقبل البيانات,"['SYSTEM_DOWN', 'BREAD_QUALITY']",-0.58,2025-11-03 20:20
678,الموقع بطئ جدًا,"['SYSTEM_DOWN', 'STAFF_BEHAVIOR']",0.23,2025-11-03 20:25
679,مش عارف أعمل تحديث للبطاقة,['SYSTEM_DOWN'],0.33,2025-11-03 20:30
680,الزيت ناقص في الجمعية,"['STORE_AVAILABILITY', 'BREAD_QUALITY']",-0.23,2025-11-03 20:35
681,العيش بيتكسر بسهولة,"['BREAD_QUALITY', 'CARD_ISSUE']",-0.21,2025-11-03 20:40
682,في مشكلة في تحديث بيانات البطاقة,['CARD_ISSUE'],-0.03,2025-11-03 20:45
683,البطاقة مش بتصرف,['CARD_ISSUE'],-0.77,2025-11-03 20:50
684,التموين ناقص منتجات كتير,['STORE_AVAILABILITY'],-0.47,2025-11-03 20:55
685,الفرع قافل بدري,['STORE_AVAILABILITY'],-0.03,2025-11-03 21:00
686,الموقع مش بيفتح,['SYSTEM_DOWN'],0.36,2025-11-03 21:05
687,الخدمة واقفة بقالها يومين,"['SYSTEM_DOWN', 'STAFF_BEHAVIOR']",0.4,2025-11-03 21:10
688,الموظفة كانت بتتعامل بتعالي,['STAFF_BEHAVIOR'],0.94,2025-11-03 21:15
689,السيستم بيقفل لوحده,"['SYSTEM_DOWN', 'BREAD_QUALITY']",0.06,2025-11-03 21:20
690,العيش ناشف جدًا,['BREAD_QUALITY'],0.78,2025-11-03 21:25
691,السيستم مش شغال من الصبح,['SYSTEM_DOWN'],0.12,2025-11-03 21:30
692,الزيت ناقص في الجمعية,['STORE_AVAILABILITY'],-0.32,2025-11-03 21:35
693,الفرع مش بيجيب السلع في ميعادها,['STORE_AVAILABILITY'],-0.99,2025-11-03 21:40
694,العيش ريحته مش حلوة,['BREAD_QUALITY'],0.22,2025-11-03 21:45
695,الموقع بطئ جدًا,"['SYSTEM_DOWN', 'STAFF_BEHAVIOR']",0.47,2025-11-03 21:50
696,البطاقة مش بتصرف,"['CARD_ISSUE', 'SYSTEM_DOWN']",-0.08,2025-11-03 21:55
697,العيش غالي ومش بنفس الجودة,['BREAD_QUALITY'],0.37,2025-11-03 22:00
698,الموظف بيتكلم بطريقة مش محترمة,['STAFF_BEHAVIOR'],0.77,2025-11-03 22:05
699,الموظفين مش متعاونين,"['STAFF_BEHAVIOR', 'SYSTEM_DOWN']",1.0,2025-11-03 22:10
700,الزيت ناقص في الجمعية,['STORE_AVAILABILITY'],0.43,2025-11-03 22:15
701,مش عارف أعمل تحديث للبطاقة,['SYSTEM_DOWN'],-0.64,2025-11-03 22:20
702,العيش صغير ومش مكفي,['BREAD_QUALITY'],-0.12,2025-11-03 22:25
703,الزيت ناقص في الجمعية,"['STORE_AVAILABILITY', 'STAFF_BEHAVIOR']",0.27,2025-11-03 22:30
704,الزيت ناقص في الجمعية,['STORE_AVAILABILITY'],0.91,2025-11-03 22:35
705,العيش مش طازج خالص,"['BREAD_QUALITY', 'STORE_AVAILABILITY']",0.06,2025-11-03 22:40
706,الموقع مش بيقبل البيانات,['SYSTEM_DOWN'],0.87,2025-11-03 22:45
707,السيستم بيهنج كل شوية,['SYSTEM_DOWN'],0.98,2025-11-03 22:50
708,العيش صغير ومش مكفي,['BREAD_QUALITY'],-0.25,2025-11-03 22:55
709,العيش مش مستوي كويس,['BREAD_QUALITY'],-0.0,2025-11-03 23:00
710,مش قادر أغير الرقم السري للبطاقة,['CARD_ISSUE'],-0.2,2025-11-03 23:05
711,السيستم بيقفل لوحده,['SYSTEM_DOWN'],-0.59,2025-11-03 23:10
712,البطاقة محتاجة تفعيل ومش عارف أعمله,"['CARD_ISSUE', 'STORE_AVAILABILITY']",-0.46,2025-11-03 23:15
713,الخدمة واقفة بقالها يومين,"['SYSTEM_DOWN', 'BREAD_QUALITY']",0.28,2025-11-03 23:20
714,الموقع بطئ جدًا,"['SYSTEM_DOWN', 'CARD_ISSUE']",0.0,2025-11-03 23:25
715,مش قادر أغير الرقم السري للبطاقة,"['CARD_ISSUE', 'BREAD_QUALITY']",0.27,2025-11-03 23:30
716,البطاقة مش بتقرأ على الماكينة,['CARD_ISSUE'],0.95,2025-11-03 23:35
717,مفيش طماطم ولا بقوليات في التموين,['STORE_AVAILABILITY'],0.86,2025-11-03 23:40
718,العيش مش متوفر كويس,"['BREAD_QUALITY', 'CARD_ISSUE']",-0.35,2025-11-03 23:45
719,العيش مش طازج خالص,"['BREAD_QUALITY', 'CARD_ISSUE']",-0.13,2025-11-03 23:50
720,السيستم بيقفل لوحده,['SYSTEM_DOWN'],-0.86,2025-11-03 23:55
721,العيش صغير ومش مكفي,['BREAD_QUALITY'],0.98,2025-11-04 00:00
722,مفيش سكر في الجمعية,['STORE_AVAILABILITY'],0.89,2025-11-04 00:05
723,العيش صغير ومش مكفي,"['BREAD_QUALITY', 'CARD_ISSUE']",-0.88,2025-11-04 00:10
724,السيستم مش شغال من الصبح,['SYSTEM_DOWN'],0.62,2025-11-04 00:15
725,البطاقة بتطلع خطأ في الماكينة,"['CARD_ISSUE', 'STAFF_BEHAVIOR']",-0.72,2025-11-04 00:20
726,الاستقبال كان سيئ جدًا,['STAFF_BEHAVIOR'],0.64,2025-11-04 00:25
727,الاستقبال كان سيئ جدًا,['STAFF_BEHAVIOR'],0.23,2025-11-04 00:30
728,في مشكلة في تحديث بيانات البطاقة,"['CARD_ISSUE', 'STORE_AVAILABILITY']",-0.07,2025-11-04 00:35
729,مفيش سكر في الجمعية,"['STORE_AVAILABILITY', 'STAFF_BEHAVIOR']",-0.09,2025-11-04 00:40
730,العيش فيه طعم غريب,['BREAD_QUALITY'],-0.37,2025-11-04 00:45
731,العيش بيتكسر بسهولة,['BREAD_QUALITY'],-0.21,2025-11-04 00:50
732,الموقع مش بيفتح,"['SYSTEM_DOWN', 'STORE_AVAILABILITY']",1.0,2025-11-04 00:55
733,الاستقبال كان سيئ جدًا,"['STAFF_BEHAVIOR', 'SYSTEM_DOWN']",0.46,2025-11-04 01:00
734,مش عارف أعمل تحديث للبطاقة,['SYSTEM_DOWN'],-0.99,2025-11-04 01:05
735,الموظفة كانت بتتعامل بتعالي,['STAFF_BEHAVIOR'],-0.63,2025-11-04 01:10
736,السيستم مش شغال من الصبح,['SYSTEM_DOWN'],0.69,2025-11-04 01:15
737,الموظف رفض يساعدني,['STAFF_BEHAVIOR'],0.03,2025-11-04 01:20
738,العيش مش مستوي كويس,['BREAD_QUALITY'],-0.79,2025-11-04 01:25
739,الموظفين مش متعاونين,['STAFF_BEHAVIOR'],-0.31,2025-11-04 01:30
740,مفيش سكر في الجمعية,"['STORE_AVAILABILITY', 'SYSTEM_DOWN']",1.0,2025-11-04 01:35
741,مفيش منتجات في المخزن,['STORE_AVAILABILITY'],-0.91,2025-11-04 01:40
742,الموظف بيتعامل بطريقة وحشة,['STAFF_BEHAVIOR'],0.83,2025-11-04 01:45
743,العيش صغير ومش مكفي,['BREAD_QUALITY'],0.3,2025-11-04 01:50
744,العيش غالي ومش بنفس الجودة,['BREAD_QUALITY'],-0.23,2025-11-04 01:55
745,الموظف بيتكلم بطريقة مش محترمة,['STAFF_BEHAVIOR'],-0.45,2025-11-04 02:00
746,الناس هناك مش بتسمع الشكاوى,['STAFF_BEHAVIOR'],-0.45,2025-11-04 02:05
747,العيش فيه طعم غريب,['BREAD_QUALITY'],-0.8,2025-11-04 02:10
748,الاستقبال كان سيئ جدًا,['STAFF_BEHAVIOR'],0.7,2025-11-04 02:15
749,مفيش رز من امبارح,['STORE_AVAILABILITY'],0.77,2025-11-04 02:20
750,الموقع بطئ جدًا,['SYSTEM_DOWN'],0.86,2025-11-04 02:25
751,العيش بيتكسر بسهولة,"['BREAD_QUALITY', 'CARD_ISSUE']",0.63,2025-11-04 02:30
752,الخدمة واقفة بقالها يومين,['SYSTEM_DOWN'],0.73,2025-11-04 02:35
753,مفيش سكر في الجمعية,"['STORE_AVAILABILITY', 'CARD_ISSUE']",-0.21,2025-11-04 02:40
754,العيش ناشف جدًا,['BREAD_QUALITY'],-0.99,2025-11-04 02:45
755,الزيت ناقص في الجمعية,['STORE_AVAILABILITY'],0.95,2025-11-04 02:50
756,مفيش سكر في الجمعية,['STORE_AVAILABILITY'],0.37,2025-11-04 02:55
757,الموظفين مش متعاونين,"['STAFF_BEHAVIOR', 'CARD_ISSUE']",0.27,2025-11-04 03:00
758,مفيش سكر في الجمعية,['STORE_AVAILABILITY'],0.76,2025-11-04 03:05
759,مفيش رز من امبارح,"['STORE_AVAILABILITY', 'BREAD_QUALITY']",-0.67,2025-11-04 03:10
760,الموقع بطئ جدًا,"['SYSTEM_DOWN', 'BREAD_QUALITY']",0.72,2025-11-04 03:15
761,في موظف اتكلم بأسلوب مش كويس,"['STAFF_BEHAVIOR', 'CARD_ISSUE']",-0.27,2025-11-04 03:20
762,مش قادر أغير الرقم السري للبطاقة,['CARD_ISSUE'],-0.31,2025-11-04 03:25
763,الاستقبال كان سيئ جدًا,['STAFF_BEHAVIOR'],0.63,2025-11-04 03:30
764,البطاقة ضاعت ومش عارف أعمل بدل فاقد,['CARD_ISSUE'],-0.2,2025-11-04 03:35
765,العيش مش متوفر كويس,['BREAD_QUALITY'],-0.44,2025-11-04 03:40
766,الموظف قال البطاقة موقوفة بدون سبب,['CARD_ISSUE'],0.23,2025-11-04 03:45
767,البطاقة مش بتقرأ على الماكينة,['CARD_ISSUE'],-0.97,2025-11-04 03:50
768,مفيش سكر في الجمعية,['STORE_AVAILABILITY'],-0.17,2025-11-04 03:55
769,البطاقة ضاعت ومش عارف أعمل بدل فاقد,"['CARD_ISSUE', 'STORE_AVAILABILITY']",-0.96,2025-11-04 04:00
770,الزيت ناقص في الجمعية,['STORE_AVAILABILITY'],0.47,2025-11-04 04:05
771,البطاقة مش شغالة,"['CARD_ISSUE', 'BREAD_QUALITY']",0.52,2025-11-04 04:10
772,الموظفين مش متعاونين,['STAFF_BEHAVIOR'],-0.18,2025-11-04 04:15
773,الموظفة كانت بتتعامل بتعالي,"['STAFF_BEHAVIOR', 'BREAD_QUALITY']",0.13,2025-11-04 04:20
774,في مشكلة في تحديث بيانات البطاقة,"['CARD_ISSUE', 'BREAD_QUALITY']",0.14,2025-11-04 04:25
775,السيستم مش شغال من الصبح,"['SYSTEM_DOWN', 'STORE_AVAILABILITY']",-0.37,2025-11-04 04:30
776,مفيش رز من امبارح,['STORE_AVAILABILITY'],-0.48,2025-11-04 04:35
777,العيش مش مستوي كويس,"['BREAD_QUALITY', 'STORE_AVAILABILITY']",0.1,2025-11-04 04:40
778,مفيش منتجات في المخزن,"['STORE_AVAILABILITY', 'SYSTEM_DOWN']",-0.0,2025-11-04 04:45
779,مش قادر أغير الرقم السري للبطاقة,['CARD_ISSUE'],-0.92,2025-11-04 04:50
780,العيش ناشف جدًا,['BREAD_QUALITY'],0.24,2025-11-04 04:55
781,مش قادر أغير الرقم السري للبطاقة,['CARD_ISSUE'],0.92,2025-11-04 05:00
782,العيش غالي ومش بنفس الجودة,['BREAD_QUALITY'],0.01,2025-11-04 05:05
783,العيش مش مستوي كويس,['BREAD_QUALITY'],-0.53,2025-11-04 05:10
784,الموظفة كانت بتتعامل بتعالي,"['STAFF_BEHAVIOR', 'CARD_ISSUE']",0.56,2025-11-04 05:15
785,السيستم بيقفل لوحده,['SYSTEM_DOWN'],0.3,2025-11-04 05:20
786,البطاقة مش بتقرأ على الماكينة,['CARD_ISSUE'],0.81,2025-11-04 05:25
787,مفيش رز من امبارح,"['STORE_AVAILABILITY', 'BREAD_QUALITY']",0.59,2025-11-04 05:30
788,الموظف بيتكلم بطريقة مش محترمة,['STAFF_BEHAVIOR'],-0.21,2025-11-04 05:35
789,الموظف قال البطاقة موقوفة بدون سبب,['CARD_ISSUE'],0.63,2025-11-04 05:40
790,العيش بيتكسر بسهولة,['BREAD_QUALITY'],-0.84,2025-11-04 05:45
791,الزيت ناقص في الجمعية,['STORE_AVAILABILITY'],-0.08,2025-11-04 05:50
792,الموقع مش بيقبل البيانات,['SYSTEM_DOWN'],0.74,2025-11-04 05:55
793,العيش ناشف جدًا,"['BREAD_QUALITY', 'STORE_AVAILABILITY']",-0.07,2025-11-04 06:00
794,الموظفين مش متعاونين,['STAFF_BEHAVIOR'],-0.76,2025-11-04 06:05
795,الموظف قال البطاقة موقوفة بدون سبب,['CARD_ISSUE'],0.71,2025-11-04 06:10
796,العيش مش متوفر كويس,['BREAD_QUALITY'],0.44,2025-11-04 06:15
797,البطاقة مش شغالة,"['CARD_ISSUE', 'STAFF_BEHAVIOR']",-0.49,2025-11-04 06:20
798,العيش مش متوفر كويس,"['BREAD_QUALITY', 'STORE_AVAILABILITY']",-0.28,2025-11-04 06:25
799,في مشكلة في تحديث بيانات البطاقة,['CARD_ISSUE'],0.36,2025-11-04 06:30
800,مش قادر أغير الرقم السري للبطاقة,['CARD_ISSUE'],-0.64,2025-11-04 06:35
801,الموقع مش بيقبل البيانات,['SYSTEM_DOWN'],0.13,2025-11-04 06:40
802,الموظفة كانت بتتعامل بتعالي,['STAFF_BEHAVIOR'],-0.74,2025-11-04 06:45
803,الموظف بيتكلم بطريقة مش محترمة,['STAFF_BEHAVIOR'],0.74,2025-11-04 06:50
804,الفرع مش بيجيب السلع في ميعادها,['STORE_AVAILABILITY'],-0.1,2025-11-04 06:55
805,مش قادر أغير الرقم السري للبطاقة,['CARD_ISSUE'],-0.94,2025-11-04 07:00
806,الموظفة كانت بتتعامل بتعالي,['STAFF_BEHAVIOR'],0.78,2025-11-04 07:05
807,الموظفين مش متعاونين,"['STAFF_BEHAVIOR', 'BREAD_QUALITY']",-0.68,2025-11-04 07:10
808,العيش بيتكسر بسهولة,['BREAD_QUALITY'],0.92,2025-11-04 07:15
809,التطبيق مش بيكمل العملية,['SYSTEM_DOWN'],0.39,2025-11-04 07:20
810,التموين ناقص منتجات كتير,['STORE_AVAILABILITY'],-0.01,2025-11-04 07:25
811,البطاقة محتاجة تفعيل ومش عارف أعمله,['CARD_ISSUE'],-0.83,2025-11-04 07:30
812,الفرع مش بيجيب السلع في ميعادها,"['STORE_AVAILABILITY', 'BREAD_QUALITY']",-0.42,2025-11-04 07:35
813,العيش ريحته مش حلوة,"['BREAD_QUALITY', 'STAFF_BEHAVIOR']",0.61,2025-11-04 07:40
814,السيستم بيقفل لوحده,['SYSTEM_DOWN'],0.9,2025-11-04 07:45
815,العيش غالي ومش بنفس الجودة,['BREAD_QUALITY'],0.72,2025-11-04 07:50
816,الفرع قافل بدري,['STORE_AVAILABILITY'],0.14,2025-11-04 07:55
817,الموظف بيتعامل بطريقة وحشة,['STAFF_BEHAVIOR'],-0.76,2025-11-04 08:00
818,البطاقة مش بتصرف,['CARD_ISSUE'],0.08,2025-11-04 08:05
819,الموقع مش بيفتح,['SYSTEM_DOWN'],0.95,2025-11-04 08:10
820,مفيش سكر في الجمعية,"['STORE_AVAILABILITY', 'BREAD_QUALITY']",0.05,2025-11-04 08:15
821,الموقع مش بيقبل البيانات,"['SYSTEM_DOWN', 'STORE_AVAILABILITY']",-0.11,2025-11-04 08:20
822,في مشكلة في تحديث بيانات البطاقة,"['CARD_ISSUE', 'STAFF_BEHAVIOR']",0.76,2025-11-04 08:25
823,العيش غالي ومش بنفس الجودة,"['BREAD_QUALITY', 'STORE_AVAILABILITY']",-0.52,2025-11-04 08:30
824,الموقع مش بيقبل البيانات,['SYSTEM_DOWN'],0.33,2025-11-04 08:35
825,السيستم بيهنج كل شوية,"['SYSTEM_DOWN', 'CARD_ISSUE']",-0.24,2025-11-04 08:40
826,السيستم بيقفل لوحده,['SYSTEM_DOWN'],-0.31,2025-11-04 08:45
827,العيش غالي ومش بنفس الجودة,['BREAD_QUALITY'],-0.8,2025-11-04 08:50
828,البطاقة ضاعت ومش عارف أعمل بدل فاقد,['CARD_ISSUE'],0.65,2025-11-04 08:55
829,في مشكلة في تحديث بيانات البطاقة,['CARD_ISSUE'],0.2,2025-11-04 09:00
830,التموين ناقص منتجات كتير,['STORE_AVAILABILITY'],0.5,2025-11-04 09:05
831,الفرع قافل بدري,"['STORE_AVAILABILITY', 'BREAD_QUALITY']",0.1,2025-11-04 09:10
832,العيش فيه طعم غريب,['BREAD_QUALITY'],0.98,2025-11-04 09:15
833,مفيش منتجات في المخزن,['STORE_AVAILABILITY'],-0.46,2025-11-04 09:20
834,الموقع بطئ جدًا,"['SYSTEM_DOWN', 'BREAD_QUALITY']",0.35,2025-11-04 09:25
835,العيش مش مستوي كويس,"['BREAD_QUALITY', 'STAFF_BEHAVIOR']",0.35,2025-11-04 09:30
836,مفيش رز من امبارح,"['STORE_AVAILABILITY', 'BREAD_QUALITY']",-0.56,2025-11-04 09:35
837,السيستم مش شغال من الصبح,['SYSTEM_DOWN'],-0.53,2025-11-04 09:40
838,العيش غالي ومش بنفس الجودة,"['BREAD_QUALITY', 'STORE_AVAILABILITY']",0.92,2025-11-04 09:45
839,الناس في المكتب مش محترمين,"['STAFF_BEHAVIOR', 'STORE_AVAILABILITY']",0.16,2025-11-04 09:50
840,التموين ناقص منتجات كتير,['STORE_AVAILABILITY'],0.13,2025-11-04 09:55
841,الفرع مش بيجيب السلع في ميعادها,['STORE_AVAILABILITY'],-0.85,2025-11-04 10:00
842,مفيش طماطم ولا بقوليات في التموين,['STORE_AVAILABILITY'],-0.16,2025-11-04 10:05
843,الناس في المكتب مش محترمين,['STAFF_BEHAVIOR'],0.72,2025-11-04 10:10
844,العيش فيه طعم غريب,"['BREAD_QUALITY', 'STAFF_BEHAVIOR']",-0.81,2025-11-04 10:15
845,مفيش رز من امبارح,['STORE_AVAILABILITY'],-0.11,2025-11-04 10:20
846,البطاقة مش بتقرأ على الماكينة,['CARD_ISSUE'],0.37,2025-11-04 10:25
847,التطبيق مش بيكمل العملية,['SYSTEM_DOWN'],0.75,2025-11-04 10:30
848,البطاقة مش شغالة,"['CARD_ISSUE', 'BREAD_QUALITY']",0.11,2025-11-04 10:35
849,الموظف قال البطاقة موقوفة بدون سبب,"['CARD_ISSUE', 'STORE_AVAILABILITY']",0.57,2025-11-04 10:40
850,العيش مش مستوي كويس,['BREAD_QUALITY'],0.4,2025-11-04 10:45
851,العيش مش مستوي كويس,"['BREAD_QUALITY', 'STAFF_BEHAVIOR']",0.91,2025-11-04 10:50
852,الموقع مش بيفتح,['SYSTEM_DOWN'],-0.76,2025-11-04 10:55
853,العيش مش مستوي كويس,['BREAD_QUALITY'],0.31,2025-11-04 11:00
854,العيش صغير ومش مكفي,['BREAD_QUALITY'],0.62,2025-11-04 11:05
855,البطاقة مش بتصرف,"['CARD_ISSUE', 'STORE_AVAILABILITY']",0.56,2025-11-04 11:10
856,الناس في المكتب مش محترمين,"['STAFF_BEHAVIOR', 'SYSTEM_DOWN']",-0.46,2025-11-04 11:15
857,الموقع مش بيفتح,['SYSTEM_DOWN'],0.25,2025-11-04 11:20
858,التطبيق مش بيكمل العملية,"['SYSTEM_DOWN', 'CARD_ISSUE']",0.07,2025-11-04 11:25
859,التموين ناقص منتجات كتير,"['STORE_AVAILABILITY', 'BREAD_QUALITY']",0.3,2025-11-04 11:30
860,الناس في المكتب مش محترمين,"['STAFF_BEHAVIOR', 'STORE_AVAILABILITY']",-0.81,2025-11-04 11:35
861,في مشكلة في تحديث بيانات البطاقة,"['CARD_ISSUE', 'STAFF_BEHAVIOR']",-0.91,2025-11-04 11:40
862,الموظف قال البطاقة موقوفة بدون سبب,"['CARD_ISSUE', 'STAFF_BEHAVIOR']",0.88,2025-11-04 11:45
863,مفيش طماطم ولا بقوليات في التموين,"['STORE_AVAILABILITY', 'SYSTEM_DOWN']",-0.92,2025-11-04 11:50
864,العيش غالي ومش بنفس الجودة,['BREAD_QUALITY'],0.76,2025-11-04 11:55
865,مفيش طماطم ولا بقوليات في التموين,['STORE_AVAILABILITY'],-0.65,2025-11-04 12:00
866,الموظفين مش متعاونين,['STAFF_BEHAVIOR'],-0.99,2025-11-04 12:05
867,البطاقة مش شغالة,['CARD_ISSUE'],0.32,2025-11-04 12:10
868,السيستم مش شغال من الصبح,['SYSTEM_DOWN'],-0.21,2025-11-04 12:15
869,مش قادر أغير الرقم السري للبطاقة,['CARD_ISSUE'],-0.01,2025-11-04 12:20
870,مش عارف أعمل تحديث للبطاقة,['SYSTEM_DOWN'],0.09,2025-11-04 12:25
871,العيش مش طازج خالص,['BREAD_QUALITY'],-0.99,2025-11-04 12:30
872,الموظفين مش متعاونين,"['STAFF_BEHAVIOR', 'SYSTEM_DOWN']",-0.08,2025-11-04 12:35
873,الناس في المكتب مش محترمين,['STAFF_BEHAVIOR'],0.08,2025-11-04 12:40
874,الموظفين مش متعاونين,['STAFF_BEHAVIOR'],0.46,2025-11-04 12:45
875,السيستم مش شغال من الصبح,['SYSTEM_DOWN'],-0.65,2025-11-04 12:50
876,مفيش رز من امبارح,"['STORE_AVAILABILITY', 'CARD_ISSUE']",-0.05,2025-11-04 12:55
877,مفيش منتجات في المخزن,['STORE_AVAILABILITY'],-0.42,2025-11-04 13:00
878,مفيش رز من امبارح,"['STORE_AVAILABILITY', 'SYSTEM_DOWN']",-0.55,2025-11-04 13:05
879,السيستم بيهنج كل شوية,['SYSTEM_DOWN'],0.51,2025-11-04 13:10
880,مش عارف أعمل تحديث للبطاقة,['SYSTEM_DOWN'],0.01,2025-11-04 13:15
881,الخدمة واقفة بقالها يومين,['SYSTEM_DOWN'],-0.77,2025-11-04 13:20
882,الفرع مش بيجيب السلع في ميعادها,['STORE_AVAILABILITY'],-0.04,2025-11-04 13:25
883,الموظف قال البطاقة موقوفة بدون سبب,['CARD_ISSUE'],-0.34,2025-11-04 13:30
884,مش عارف أعمل تحديث للبطاقة,['SYSTEM_DOWN'],0.92,2025-11-04 13:35
885,مش قادر أغير الرقم السري للبطاقة,['CARD_ISSUE'],-0.37,2025-11-04 13:40
886,في موظف اتكلم بأسلوب مش كويس,"['STAFF_BEHAVIOR', 'SYSTEM_DOWN']",-0.24,2025-11-04 13:45
887,السيستم مش شغال من الصبح,['SYSTEM_DOWN'],0.15,2025-11-04 13:50
888,مفيش رز من امبارح,"['STORE_AVAILABILITY', 'BREAD_QUALITY']",0.36,2025-11-04 13:55
889,الموظف بيتكلم بطريقة مش محترمة,"['STAFF_BEHAVIOR', 'STORE_AVAILABILITY']",0.98,2025-11-04 14:00
890,الموقع مش بيقبل البيانات,['SYSTEM_DOWN'],-0.56,2025-11-04 14:05
891,الموظفة كانت بتتعامل بتعالي,['STAFF_BEHAVIOR'],0.85,2025-11-04 14:10
892,البطاقة محتاجة تفعيل ومش عارف أعمله,['CARD_ISSUE'],-0.02,2025-11-04 14:15
893,البطاقة مش بتصرف,['CARD_ISSUE'],0.29,2025-11-04 14:20
894,مش عارف أعمل تحديث للبطاقة,['SYSTEM_DOWN'],0.2,2025-11-04 14:25
895,التموين ناقص منتجات كتير,"['STORE_AVAILABILITY', 'CARD_ISSUE']",-0.26,2025-11-04 14:30
896,العيش مش مستوي كويس,"['BREAD_QUALITY', 'CARD_ISSUE']",-0.22,2025-11-04 14:35
897,مش عارف أعمل تحديث للبطاقة,"['SYSTEM_DOWN', 'CARD_ISSUE']",0.64,2025-11-04 14:40
898,البطاقة مش بتقرأ على الماكينة,['CARD_ISSUE'],-0.46,2025-11-04 14:45
899,الخدمة واقفة بقالها يومين,"['SYSTEM_DOWN', 'STAFF_BEHAVIOR']",0.3,2025-11-04 14:50
900,مش عارف أعمل تحديث للبطاقة,"['SYSTEM_DOWN', 'STAFF_BEHAVIOR']",0.38,2025-11-04 14:55
901,الموظف رفض يساعدني,"['STAFF_BEHAVIOR', 'BREAD_QUALITY']",0.85,2025-11-04 15:00
902,مفيش طماطم ولا بقوليات في التموين,"['STORE_AVAILABILITY', 'CARD_ISSUE']",0.1,2025-11-04 15:05
903,الفرع مش بيجيب السلع في ميعادها,['STORE_AVAILABILITY'],-0.35,2025-11-04 15:10
904,الموظف بيتكلم بطريقة مش محترمة,"['STAFF_BEHAVIOR', 'BREAD_QUALITY']",-0.09,2025-11-04 15:15
905,التموين ناقص منتجات كتير,['STORE_AVAILABILITY'],0.94,2025-11-04 15:20
906,العيش ناشف جدًا,"['BREAD_QUALITY', 'CARD_ISSUE']",0.98,2025-11-04 15:25
907,السيستم مش شغال من الصبح,"['SYSTEM_DOWN', 'STORE_AVAILABILITY']",-0.41,2025-11-04 15:30
908,العيش مش طازج خالص,['BREAD_QUALITY'],0.25,2025-11-04 15:35
909,الموظفين مش متعاونين,"['STAFF_BEHAVIOR', 'CARD_ISSUE']",-0.6,2025-11-04 15:40
910,الاستقبال كان سيئ جدًا,['STAFF_BEHAVIOR'],-0.86,2025-11-04 15:45
911,الناس هناك مش بتسمع الشكاوى,['STAFF_BEHAVIOR'],-0.12,2025-11-04 15:50
912,التموين ناقص منتجات كتير,['STORE_AVAILABILITY'],-0.98,2025-11-04 15:55
913,الفرع قافل بدري,"['STORE_AVAILABILITY', 'STAFF_BEHAVIOR']",-0.73,2025-11-04 16:00
914,العيش بيتكسر بسهولة,"['BREAD_QUALITY', 'STAFF_BEHAVIOR']",-0.13,2025-11-04 16:05
915,الموظف بيتكلم بطريقة مش محترمة,"['STAFF_BEHAVIOR', 'CARD_ISSUE']",0.88,2025-11-04 16:10
916,مش قادر أغير الرقم السري للبطاقة,"['CARD_ISSUE', 'BREAD_QUALITY']",-0.21,2025-11-04 16:15
917,مفيش رز من امبارح,"['STORE_AVAILABILITY', 'BREAD_QUALITY']",-0.88,2025-11-04 16:20
918,مفيش دقيق في الجمعية,['STORE_AVAILABILITY'],-0.23,2025-11-04 16:25
919,الناس في المكتب مش محترمين,['STAFF_BEHAVIOR'],-0.3,2025-11-04 16:30
920,العيش غالي ومش بنفس الجودة,['BREAD_QUALITY'],0.37,2025-11-04 16:35
921,الموظف رفض يساعدني,"['STAFF_BEHAVIOR', 'STORE_AVAILABILITY']",-0.8,2025-11-04 16:40
922,مفيش دقيق في الجمعية,['STORE_AVAILABILITY'],0.87,2025-11-04 16:45
923,الناس في المكتب مش محترمين,['STAFF_BEHAVIOR'],0.7,2025-11-04 16:50
924,العيش ريحته مش حلوة,['BREAD_QUALITY'],-0.88,2025-11-04 16:55
925,العيش ريحته مش حلوة,['BREAD_QUALITY'],-0.38,2025-11-04 17:00
926,مش قادر أغير الرقم السري للبطاقة,"['CARD_ISSUE', 'STAFF_BEHAVIOR']",0.06,2025-11-04 17:05
927,السيستم مش شغال من الصبح,['SYSTEM_DOWN'],0.25,2025-11-04 17:10
928,البطاقة مش شغالة,"['CARD_ISSUE', 'SYSTEM_DOWN']",0.4,2025-11-04 17:15
929,الناس هناك مش بتسمع الشكاوى,['STAFF_BEHAVIOR'],0.77,2025-11-04 17:20
930,الموقع مش بيفتح,['SYSTEM_DOWN'],0.26,2025-11-04 17:25
931,البطاقة ضاعت ومش عارف أعمل بدل فاقد,['CARD_ISSUE'],-0.49,2025-11-04 17:30
932,الموظف بيتعامل بطريقة وحشة,['STAFF_BEHAVIOR'],-0.23,2025-11-04 17:35
933,البطاقة ضاعت ومش عارف أعمل بدل فاقد,['CARD_ISSUE'],0.56,2025-11-04 17:40
934,في مشكلة في تحديث بيانات البطاقة,['CARD_ISSUE'],-0.77,2025-11-04 17:45
935,الموظف رفض يساعدني,['STAFF_BEHAVIOR'],0.88,2025-11-04 17:50
936,البطاقة محتاجة تفعيل ومش عارف أعمله,['CARD_ISSUE'],-0.03,2025-11-04 17:55
937,الفرع مش بيجيب السلع في ميعادها,['STORE_AVAILABILITY'],-0.5,2025-11-04 18:00
938,الموقع بطئ جدًا,['SYSTEM_DOWN'],0.57,2025-11-04 18:05
939,مش قادر أغير الرقم السري للبطاقة,"['CARD_ISSUE', 'STORE_AVAILABILITY']",0.79,2025-11-04 18:10
940,الناس في المكتب مش محترمين,['STAFF_BEHAVIOR'],0.43,2025-11-04 18:15
941,في موظف اتكلم بأسلوب مش كويس,"['STAFF_BEHAVIOR', 'STORE_AVAILABILITY']",-0.99,2025-11-04 18:20
942,مفيش دقيق في الجمعية,['STORE_AVAILABILITY'],0.96,2025-11-04 18:25
943,العيش مش طازج خالص,['BREAD_QUALITY'],-0.78,2025-11-04 18:30
944,العيش مش مستوي كويس,"['BREAD_QUALITY', 'CARD_ISSUE']",0.14,2025-11-04 18:35
945,مفيش منتجات في المخزن,['STORE_AVAILABILITY'],0.91,2025-11-04 18:40
946,مفيش منتجات في المخزن,['STORE_AVAILABILITY'],0.24,2025-11-04 18:45
947,البطاقة مش شغالة,['CARD_ISSUE'],0.12,2025-11-04 18:50
948,البطاقة ضاعت ومش عارف أعمل بدل فاقد,['CARD_ISSUE'],0.84,2025-11-04 18:55
949,الزيت ناقص في الجمعية,['STORE_AVAILABILITY'],0.27,2025-11-04 19:00
950,مفيش رز من امبارح,['STORE_AVAILABILITY'],0.49,2025-11-04 19:05
951,السيستم مش شغال من الصبح,"['SYSTEM_DOWN', 'STORE_AVAILABILITY']",0.81,2025-11-04 19:10
952,السيستم مش شغال من الصبح,['SYSTEM_DOWN'],0.76,2025-11-04 19:15
953,الموقع بطئ جدًا,['SYSTEM_DOWN'],0.43,2025-11-04 19:20
954,الناس في المكتب مش محترمين,"['STAFF_BEHAVIOR', 'STORE_AVAILABILITY']",-0.43,2025-11-04 19:25
955,الاستقبال كان سيئ جدًا,['STAFF_BEHAVIOR'],-0.32,2025-11-04 19:30
956,مفيش دقيق في الجمعية,['STORE_AVAILABILITY'],-0.09,2025-11-04 19:35
957,التطبيق مش بيكمل العملية,['SYSTEM_DOWN'],0.17,2025-11-04 19:40
958,الموظفين مش متعاونين,['STAFF_BEHAVIOR'],0.03,2025-11-04 19:45
959,الموظفة كانت بتتعامل بتعالي,"['STAFF_BEHAVIOR', 'CARD_ISSUE']",0.77,2025-11-04 19:50
960,الفرع قافل بدري,"['STORE_AVAILABILITY', 'BREAD_QUALITY']",0.7,2025-11-04 19:55
961,البطاقة بتطلع خطأ في الماكينة,"['CARD_ISSUE', 'BREAD_QUALITY']",-0.87,2025-11-04 20:00
962,البطاقة ضاعت ومش عارف أعمل بدل فاقد,['CARD_ISSUE'],-0.01,2025-11-04 20:05
963,العيش مش مستوي كويس,"['BREAD_QUALITY', 'STAFF_BEHAVIOR']",-0.99,2025-11-04 20:10
964,البطاقة محتاجة تفعيل ومش عارف أعمله,['CARD_ISSUE'],-0.01,2025-11-04 20:15
965,السيستم بيهنج كل شوية,['SYSTEM_DOWN'],0.36,2025-11-04 20:20
966,العيش بيتكسر بسهولة,['BREAD_QUALITY'],-0.71,2025-11-04 20:25
967,السيستم بيقفل لوحده,"['SYSTEM_DOWN', 'BREAD_QUALITY']",-0.17,2025-11-04 20:30
968,الخدمة واقفة بقالها يومين,"['SYSTEM_DOWN', 'STAFF_BEHAVIOR']",0.89,2025-11-04 20:35
969,الفرع قافل بدري,"['STORE_AVAILABILITY', 'SYSTEM_DOWN']",0.72,2025-11-04 20:40
970,العيش ريحته مش حلوة,['BREAD_QUALITY'],0.41,2025-11-04 20:45
971,السيستم بيقفل لوحده,['SYSTEM_DOWN'],0.62,2025-11-04 20:50
972,مفيش طماطم ولا بقوليات في التموين,['STORE_AVAILABILITY'],0.06,2025-11-04 20:55
973,العيش ناشف جدًا,"['BREAD_QUALITY', 'CARD_ISSUE']",-0.61,2025-11-04 21:00
974,الموظف بيتعامل بطريقة وحشة,['STAFF_BEHAVIOR'],0.7,2025-11-04 21:05
975,السيستم بيقفل لوحده,"['SYSTEM_DOWN', 'STORE_AVAILABILITY']",0.84,2025-11-04 21:10
976,العيش مش متوفر كويس,['BREAD_QUALITY'],-0.6,2025-11-04 21:15
977,الموظفين مش متعاونين,['STAFF_BEHAVIOR'],-0.74,2025-11-04 21:20
978,السيستم بيهنج كل شوية,['SYSTEM_DOWN'],0.48,2025-11-04 21:25
979,في موظف اتكلم بأسلوب مش كويس,['STAFF_BEHAVIOR'],-0.38,2025-11-04 21:30
980,الموظف قال البطاقة موقوفة بدون سبب,['CARD_ISSUE'],-0.26,2025-11-04 21:35
981,مفيش منتجات في المخزن,['STORE_AVAILABILITY'],-0.52,2025-11-04 21:40
982,الموظف رفض يساعدني,['STAFF_BEHAVIOR'],-0.7,2025-11-04 21:45
983,التموين ناقص منتجات كتير,['STORE_AVAILABILITY'],-0.21,2025-11-04 21:50
984,مفيش سكر في الجمعية,['STORE_AVAILABILITY'],0.19,2025-11-04 21:55
985,في مشكلة في تحديث بيانات البطاقة,['CARD_ISSUE'],0.07,2025-11-04 22:00
986,الزيت ناقص في الجمعية,['STORE_AVAILABILITY'],-0.16,2025-11-04 22:05
987,العيش ناشف جدًا,['BREAD_QUALITY'],0.8,2025-11-04 22:10
988,العيش ناشف جدًا,"['BREAD_QUALITY', 'STORE_AVAILABILITY']",0.4,2025-11-04 22:15
989,التموين ناقص منتجات كتير,['STORE_AVAILABILITY'],-0.18,2025-11-04 22:20
990,البطاقة محتاجة تفعيل ومش عارف أعمله,"['CARD_ISSUE', 'SYSTEM_DOWN']",-0.33,2025-11-04 22:25
991,مش عارف أعمل تحديث للبطاقة,['SYSTEM_DOWN'],-0.44,2025-11-04 22:30
992,البطاقة محتاجة تفعيل ومش عارف أعمله,"['CARD_ISSUE', 'SYSTEM_DOWN']",-0.75,2025-11-04 22:35
993,مفيش طماطم ولا بقوليات في التموين,['STORE_AVAILABILITY'],-0.24,2025-11-04 22:40
994,الموظف بيتعامل بطريقة وحشة,['STAFF_BEHAVIOR'],-0.11,2025-11-04 22:45
995,الزيت ناقص في الجمعية,"['STORE_AVAILABILITY', 'STAFF_BEHAVIOR']",-0.64,2025-11-04 22:50
996,الموظف رفض يساعدني,['STAFF_BEHAVIOR'],-0.45,2025-11-04 22:55
997,العيش غالي ومش بنفس الجودة,['BREAD_QUALITY'],-0.62,2025-11-04 23:00
998,البطاقة مش شغالة,['CARD_ISSUE'],0.24,2025-11-04 23:05
999,مفيش منتجات في المخزن,['STORE_AVAILABILITY'],-0.22,2025-11-04 23:10
1000,السيستم بيهنج كل شوية,['SYSTEM_DOWN'],-0.36,2025-11-04 23:15
